"date","VXFXICLS"
2011-03-16,35.84
2011-03-17,31.77
2011-03-18,29.31
2011-03-21,25.95
2011-03-22,24.52
2011-03-23,24.03
2011-03-24,22.92
2011-03-25,22.99
2011-03-28,23.52
2011-03-29,23.8
2011-03-30,23.03
2011-03-31,23.04
2011-04-01,22.44
2011-04-04,22.4
2011-04-05,22.52
2011-04-06,22.94
2011-04-07,23.2
2011-04-08,23.56
2011-04-11,21.29
2011-04-12,22.48
2011-04-13,21.71
2011-04-14,21.76
2011-04-15,20.09
2011-04-18,22.17
2011-04-19,20.97
2011-04-20,20.79
2011-04-21,20.58
2011-04-22,NA
2011-04-25,22.48
2011-04-26,22.2
2011-04-27,22.4
2011-04-28,22.14
2011-04-29,22.05
2011-05-02,23.33
2011-05-03,24.95
2011-05-04,25.53
2011-05-05,23.67
2011-05-06,23.92
2011-05-09,22.98
2011-05-10,23
2011-05-11,23.05
2011-05-12,21.97
2011-05-13,23.2
2011-05-16,23.46
2011-05-17,23.02
2011-05-18,21.94
2011-05-19,21.76
2011-05-20,21.24
2011-05-23,23.53
2011-05-24,22.92
2011-05-25,21.81
2011-05-26,20.96
2011-05-27,20.92
2011-05-30,NA
2011-05-31,21.79
2011-06-01,23.58
2011-06-02,23.84
2011-06-03,23.69
2011-06-06,24.64
2011-06-07,24.04
2011-06-08,24.94
2011-06-09,24.25
2011-06-10,25.87
2011-06-13,25.84
2011-06-14,24.97
2011-06-15,26.54
2011-06-16,28.44
2011-06-17,28.6
2011-06-20,26.89
2011-06-21,24.79
2011-06-22,24.81
2011-06-23,24.64
2011-06-24,25.63
2011-06-27,26.1
2011-06-28,25.15
2011-06-29,23.69
2011-06-30,22.55
2011-07-01,22.12
2011-07-04,NA
2011-07-05,22.5
2011-07-06,23.02
2011-07-07,22.8
2011-07-08,24.25
2011-07-11,26.87
2011-07-12,26.87
2011-07-13,25.99
2011-07-14,26.11
2011-07-15,25.32
2011-07-18,25.92
2011-07-19,24.03
2011-07-20,23.76
2011-07-21,23.68
2011-07-22,22.8
2011-07-25,24.29
2011-07-26,24.15
2011-07-27,26.31
2011-07-28,26.17
2011-07-29,27.1
2011-08-01,26.41
2011-08-02,27.53
2011-08-03,27.2
2011-08-04,34.62
2011-08-05,39.88
2011-08-08,50.12
2011-08-09,45.38
2011-08-10,55.44
2011-08-11,46.07
2011-08-12,43.25
2011-08-15,37.06
2011-08-16,36.39
2011-08-17,33.54
2011-08-18,42.28
2011-08-19,46
2011-08-22,44.42
2011-08-23,38.71
2011-08-24,40.08
2011-08-25,46.02
2011-08-26,41.92
2011-08-29,37.73
2011-08-30,37.89
2011-08-31,34.92
2011-09-01,36.09
2011-09-02,38
2011-09-05,NA
2011-09-06,42.07
2011-09-07,38.37
2011-09-08,40.29
2011-09-09,45.07
2011-09-12,48.79
2011-09-13,44.48
2011-09-14,42.95
2011-09-15,39.61
2011-09-16,37.06
2011-09-19,42.15
2011-09-20,40.77
2011-09-21,45.34
2011-09-22,56.57
2011-09-23,54.65
2011-09-26,53.21
2011-09-27,50.19
2011-09-28,55.1
2011-09-29,53.53
2011-09-30,60.25
2011-10-03,63.42
2011-10-04,62.34
2011-10-05,56.25
2011-10-06,50.45
2011-10-07,52.1
2011-10-10,46.31
2011-10-11,46.12
2011-10-12,41.25
2011-10-13,40.39
2011-10-14,40.35
2011-10-17,43.66
2011-10-18,42.02
2011-10-19,44.83
2011-10-20,45.93
2011-10-21,43.68
2011-10-24,42.16
2011-10-25,45.56
2011-10-26,45.17
2011-10-27,39.98
2011-10-28,38.39
2011-10-31,42.85
2011-11-01,47.97
2011-11-02,44.62
2011-11-03,42.98
2011-11-04,43.29
2011-11-07,42.07
2011-11-08,40.01
2011-11-09,47.34
2011-11-10,44.98
2011-11-11,42.8
2011-11-14,42.78
2011-11-15,42.06
2011-11-16,47.33
2011-11-17,48.99
2011-11-18,46.4
2011-11-21,48.58
2011-11-22,44.97
2011-11-23,49.7
2011-11-24,NA
2011-11-25,50.45
2011-11-28,45.59
2011-11-29,42.03
2011-11-30,37.58
2011-12-01,37.61
2011-12-02,38.44
2011-12-05,38.26
2011-12-06,38.97
2011-12-07,38.65
2011-12-08,42.4
2011-12-09,39.18
2011-12-12,39.02
2011-12-13,36.45
2011-12-14,37.66
2011-12-15,35.69
2011-12-16,34.23
2011-12-19,36.53
2011-12-20,32.06
2011-12-21,31.54
2011-12-22,30.39
2011-12-23,30.18
2011-12-26,NA
2011-12-27,31.61
2011-12-28,33.05
2011-12-29,32.33
2011-12-30,33.23
2012-01-02,NA
2012-01-03,32.75
2012-01-04,32.03
2012-01-05,30.34
2012-01-06,30.85
2012-01-09,30.19
2012-01-10,28.89
2012-01-11,29.06
2012-01-12,28.46
2012-01-13,29.54
2012-01-16,NA
2012-01-17,28.67
2012-01-18,27.96
2012-01-19,28.88
2012-01-20,27.95
2012-01-23,27.68
2012-01-24,27.67
2012-01-25,27.35
2012-01-26,27.91
2012-01-27,27.39
2012-01-30,29.76
2012-01-31,28.8
2012-02-01,27.95
2012-02-02,27.86
2012-02-03,27.58
2012-02-06,29.38
2012-02-07,29.89
2012-02-08,29.46
2012-02-09,28.67
2012-02-10,31.73
2012-02-13,30.47
2012-02-14,30.19
2012-02-15,30.51
2012-02-16,29.41
2012-02-17,28.59
2012-02-20,NA
2012-02-21,29.05
2012-02-22,27.23
2012-02-23,26.65
2012-02-24,25.63
2012-02-27,27.25
2012-02-28,26.59
2012-02-29,26.64
2012-03-01,26.41
2012-03-02,26.19
2012-03-05,27.98
2012-03-06,30.76
2012-03-07,29.74
2012-03-08,28.38
2012-03-09,28.42
2012-03-12,27.12
2012-03-13,26.16
2012-03-14,28.6
2012-03-15,26.5
2012-03-16,25.15
2012-03-19,26.18
2012-03-20,27.29
2012-03-21,26.53
2012-03-22,28.52
2012-03-23,27.42
2012-03-26,27.75
2012-03-27,27.46
2012-03-28,27.19
2012-03-29,27.91
2012-03-30,25.9
2012-04-02,25.42
2012-04-03,25.13
2012-04-04,26.25
2012-04-05,25.68
2012-04-06,NA
2012-04-09,28.13
2012-04-10,29.7
2012-04-11,28.85
2012-04-12,28.2
2012-04-13,29.07
2012-04-16,29.01
2012-04-17,27.38
2012-04-18,27.11
2012-04-19,26.69
2012-04-20,25.64
2012-04-23,27.55
2012-04-24,27.28
2012-04-25,25.67
2012-04-26,24.86
2012-04-27,24.4
2012-04-30,25.5
2012-05-01,25.81
2012-05-02,25.09
2012-05-03,25.22
2012-05-04,26.11
2012-05-07,26.71
2012-05-08,27.06
2012-05-09,28.8
2012-05-10,28.69
2012-05-11,29.23
2012-05-14,32.32
2012-05-15,33.31
2012-05-16,34.72
2012-05-17,36.61
2012-05-18,36.94
2012-05-21,34.28
2012-05-22,34.95
2012-05-23,34.68
2012-05-24,34.93
2012-05-25,34.58
2012-05-28,NA
2012-05-29,33.38
2012-05-30,34.76
2012-05-31,34.1
2012-06-01,37.4
2012-06-04,38.57
2012-06-05,36.13
2012-06-06,34.33
2012-06-07,33.65
2012-06-08,34.15
2012-06-11,34.72
2012-06-12,33.18
2012-06-13,34.69
2012-06-14,35.4
2012-06-15,31.73
2012-06-18,30.8
2012-06-19,29.09
2012-06-20,27.42
2012-06-21,28.87
2012-06-22,27.72
2012-06-25,30.75
2012-06-26,29.34
2012-06-27,28.49
2012-06-28,28.37
2012-06-29,26.22
2012-07-02,26.98
2012-07-03,26.1
2012-07-04,NA
2012-07-05,25.48
2012-07-06,26.09
2012-07-09,27.33
2012-07-10,28.88
2012-07-11,27.55
2012-07-12,29.23
2012-07-13,26.99
2012-07-16,26.73
2012-07-17,25.76
2012-07-18,26.04
2012-07-19,25.93
2012-07-20,26.49
2012-07-23,29.57
2012-07-24,30.44
2012-07-25,29.71
2012-07-26,28.06
2012-07-27,26.75
2012-07-30,27.23
2012-07-31,27.5
2012-08-01,27.81
2012-08-02,27.68
2012-08-03,25.45
2012-08-06,25.19
2012-08-07,24.69
2012-08-08,24.02
2012-08-09,24.05
2012-08-10,22.99
2012-08-13,21.97
2012-08-14,22.73
2012-08-15,22.25
2012-08-16,22.78
2012-08-17,20.92
2012-08-20,22.6
2012-08-21,23.25
2012-08-22,23.51
2012-08-23,23.33
2012-08-24,23.81
2012-08-27,25.39
2012-08-28,25.21
2012-08-29,25.74
2012-08-30,26.87
2012-08-31,25.93
2012-09-03,NA
2012-09-04,27.54
2012-09-05,27.11
2012-09-06,24.95
2012-09-07,23.47
2012-09-10,24.86
2012-09-11,24.81
2012-09-12,25.11
2012-09-13,24.62
2012-09-14,24.01
2012-09-17,23.8
2012-09-18,23.74
2012-09-19,22.58
2012-09-20,22.92
2012-09-21,21.62
2012-09-24,22.35
2012-09-25,23.57
2012-09-26,24.24
2012-09-27,23.31
2012-09-28,23.15
2012-10-01,24.2
2012-10-02,23.95
2012-10-03,23.94
2012-10-04,23.36
2012-10-05,22.74
2012-10-08,23.06
2012-10-09,24.44
2012-10-10,24.44
2012-10-11,23.69
2012-10-12,23.38
2012-10-15,23.21
2012-10-16,23.58
2012-10-17,23.67
2012-10-18,22.54
2012-10-19,23.1
2012-10-22,22.93
2012-10-23,25
2012-10-24,24.51
2012-10-25,23.73
2012-10-26,24.29
2012-10-29,NA
2012-10-30,NA
2012-10-31,23.13
2012-11-01,22.99
2012-11-02,23.66
2012-11-05,24.53
2012-11-06,23.65
2012-11-07,24.32
2012-11-08,25.61
2012-11-09,25.21
2012-11-12,24.26
2012-11-13,24.3
2012-11-14,24.7
2012-11-15,24.97
2012-11-16,24.28
2012-11-19,22.5
2012-11-20,22.57
2012-11-21,22.32
2012-11-22,NA
2012-11-23,22.32
2012-11-26,22.94
2012-11-27,23.22
2012-11-28,23.65
2012-11-29,22.81
2012-11-30,22.46
2012-12-03,23.4
2012-12-04,23.53
2012-12-05,24.31
2012-12-06,23.27
2012-12-07,22.36
2012-12-10,23.95
2012-12-11,23.04
2012-12-12,23.04
2012-12-13,23.45
2012-12-14,23.81
2012-12-17,23.21
2012-12-18,22.9
2012-12-19,23.52
2012-12-20,23.04
2012-12-21,24.19
2012-12-24,24.19
2012-12-25,NA
2012-12-26,23.98
2012-12-27,23.66
2012-12-28,25.42
2012-12-31,24.53
2013-01-01,NA
2013-01-02,22.1
2013-01-03,21.52
2013-01-04,20.41
2013-01-07,20.87
2013-01-08,21.06
2013-01-09,20.4
2013-01-10,20.29
2013-01-11,20.26
2013-01-14,19.39
2013-01-15,19.88
2013-01-16,20.66
2013-01-17,20.74
2013-01-18,19.16
2013-01-21,NA
2013-01-22,19.39
2013-01-23,18.56
2013-01-24,18.87
2013-01-25,18.93
2013-01-28,19.63
2013-01-29,19.72
2013-01-30,19.76
2013-01-31,20.19
2013-02-01,19.38
2013-02-04,20.69
2013-02-05,20.13
2013-02-06,19.74
2013-02-07,20.34
2013-02-08,19.41
2013-02-11,19.76
2013-02-12,18.81
2013-02-13,18.66
2013-02-14,18.78
2013-02-15,18.49
2013-02-18,NA
2013-02-19,19.56
2013-02-20,20.44
2013-02-21,21.23
2013-02-22,21.04
2013-02-25,23.8
2013-02-26,23.4
2013-02-27,21.82
2013-02-28,21.21
2013-03-01,21.68
2013-03-04,22.77
2013-03-05,22.3
2013-03-06,21.59
2013-03-07,20.8
2013-03-08,20.53
2013-03-11,21.62
2013-03-12,21.02
2013-03-13,21.82
2013-03-14,21.08
2013-03-15,21.02
2013-03-18,22.39
2013-03-19,23.3
2013-03-20,22.95
2013-03-21,23.89
2013-03-22,23.22
2013-03-25,22.81
2013-03-26,21.8
2013-03-27,21.3
2013-03-28,21.49
2013-03-29,NA
2013-04-01,22.41
2013-04-02,22.03
2013-04-03,23.05
2013-04-04,22.84
2013-04-05,23.39
2013-04-08,23.74
2013-04-09,23.23
2013-04-10,22.84
2013-04-11,22.65
2013-04-12,22.79
2013-04-15,25.85
2013-04-16,24.44
2013-04-17,27.18
2013-04-18,26.29
2013-04-19,24.43
2013-04-22,24.39
2013-04-23,23.83
2013-04-24,23.24
2013-04-25,23.48
2013-04-26,23.24
2013-04-29,22.7
2013-04-30,21.93
2013-05-01,23.28
2013-05-02,22.66
2013-05-03,21.61
2013-05-06,21.95
2013-05-07,20.88
2013-05-08,21.2
2013-05-09,21.62
2013-05-10,21.39
2013-05-13,21.35
2013-05-14,21.43
2013-05-15,20.77
2013-05-16,20.17
2013-05-17,19.66
2013-05-20,21.27
2013-05-21,20.98
2013-05-22,22.98
2013-05-23,23.3
2013-05-24,24.47
2013-05-27,NA
2013-05-28,23.69
2013-05-29,24.65
2013-05-30,24.2
2013-05-31,25.22
2013-06-03,24.69
2013-06-04,24.83
2013-06-05,25.45
2013-06-06,26.04
2013-06-07,25.74
2013-06-10,25.48
2013-06-11,26.89
2013-06-12,27.97
2013-06-13,27.23
2013-06-14,28.48
2013-06-17,28.35
2013-06-18,28.24
2013-06-19,27.63
2013-06-20,35.18
2013-06-21,31.58
2013-06-24,35.21
2013-06-25,34.31
2013-06-26,31.69
2013-06-27,30.61
2013-06-28,29.62
2013-07-01,28.63
2013-07-02,30.64
2013-07-03,31.93
2013-07-04,NA
2013-07-05,30.81
2013-07-08,30.41
2013-07-09,28.83
2013-07-10,28.29
2013-07-11,27.43
2013-07-12,28.6
2013-07-15,27.75
2013-07-16,28.35
2013-07-17,28.3
2013-07-18,27.22
2013-07-19,26.3
2013-07-22,25.35
2013-07-23,24.05
2013-07-24,24.48
2013-07-25,23.71
2013-07-26,23.24
2013-07-29,24.76
2013-07-30,24.8
2013-07-31,24.59
2013-08-01,23.96
2013-08-02,23.53
2013-08-05,22.91
2013-08-06,23.25
2013-08-07,24.56
2013-08-08,24.91
2013-08-09,24.04
2013-08-12,22.92
2013-08-13,23.68
2013-08-14,23.57
2013-08-15,24.21
2013-08-16,24.61
2013-08-19,24.93
2013-08-20,25.37
2013-08-21,26.38
2013-08-22,25.31
2013-08-23,24.77
2013-08-26,25.29
2013-08-27,27.21
2013-08-28,27.93
2013-08-29,28.13
2013-08-30,27.47
2013-09-02,NA
2013-09-03,28.2
2013-09-04,27.44
2013-09-05,26.55
2013-09-06,26.38
2013-09-09,26.69
2013-09-10,25.69
2013-09-11,25.09
2013-09-12,24.98
2013-09-13,25.07
2013-09-16,25.55
2013-09-17,26.01
2013-09-18,25.03
2013-09-19,23.71
2013-09-20,24.8
2013-09-23,24.38
2013-09-24,24.21
2013-09-25,23.67
2013-09-26,22.9
2013-09-27,23.07
2013-09-30,25.51
2013-10-01,25.38
2013-10-02,24.87
2013-10-03,25.24
2013-10-04,24.83
2013-10-07,26.73
2013-10-08,27.59
2013-10-09,27.03
2013-10-10,25.38
2013-10-11,24.63
2013-10-14,24.88
2013-10-15,26.31
2013-10-16,24.46
2013-10-17,22.69
2013-10-18,21.46
2013-10-21,20.95
2013-10-22,21.65
2013-10-23,23.52
2013-10-24,24.4
2013-10-25,23.98
2013-10-28,23.86
2013-10-29,22.94
2013-10-30,23.15
2013-10-31,22.38
2013-11-01,23.15
2013-11-04,22.62
2013-11-05,24.27
2013-11-06,23.94
2013-11-07,24.63
2013-11-08,23.96
2013-11-11,23.84
2013-11-12,23.08
2013-11-13,24.04
2013-11-14,23.35
2013-11-15,24.93
2013-11-18,28.17
2013-11-19,27.11
2013-11-20,26.72
2013-11-21,26.43
2013-11-22,25.6
2013-11-25,25.46
2013-11-26,25.22
2013-11-27,25.51
2013-11-28,NA
2013-11-29,24.53
2013-12-02,25.37
2013-12-03,26.08
2013-12-04,26.18
2013-12-05,26.04
2013-12-06,25.4
2013-12-09,25.97
2013-12-10,24.58
2013-12-11,25.37
2013-12-12,25.4
2013-12-13,24.31
2013-12-16,24.43
2013-12-17,24.59
2013-12-18,22.56
2013-12-19,23.54
2013-12-20,22.31
2013-12-23,21.62
2013-12-24,21.62
2013-12-25,NA
2013-12-26,21.85
2013-12-27,21.67
2013-12-30,21.25
2013-12-31,21.65
2014-01-01,NA
2014-01-02,24.49
2014-01-03,24.78
2014-01-06,24.3
2014-01-07,23.46
2014-01-08,23.51
2014-01-09,24.47
2014-01-10,23.32
2014-01-13,23.44
2014-01-14,21.94
2014-01-15,22.33
2014-01-16,22.67
2014-01-17,22.22
2014-01-20,NA
2014-01-21,22.78
2014-01-22,21.74
2014-01-23,25.12
2014-01-24,27.31
2014-01-27,28.59
2014-01-28,29.46
2014-01-29,28.03
2014-01-30,28.51
2014-01-31,29.42
2014-02-03,31.44
2014-02-04,30.61
2014-02-05,31.94
2014-02-06,30.09
2014-02-07,28.8
2014-02-10,29.19
2014-02-11,28.17
2014-02-12,28.14
2014-02-13,26.73
2014-02-14,25.98
2014-02-17,NA
2014-02-18,26.45
2014-02-19,26.68
2014-02-20,26.81
2014-02-21,26.73
2014-02-24,27.02
2014-02-25,26.97
2014-02-26,26.57
2014-02-27,26.3
2014-02-28,26.63
2014-03-03,27.95
2014-03-04,26.69
2014-03-05,27.3
2014-03-06,25.99
2014-03-07,25.65
2014-03-10,27.41
2014-03-11,27.88
2014-03-12,28.01
2014-03-13,29.4
2014-03-14,29.1
2014-03-17,27.54
2014-03-18,25.43
2014-03-19,25.97
2014-03-20,25.64
2014-03-21,26.25
2014-03-24,26.74
2014-03-25,26.43
2014-03-26,26.23
2014-03-27,26.36
2014-03-28,26.16
2014-03-31,24.71
2014-04-01,23.92
2014-04-02,23.25
2014-04-03,22.74
2014-04-04,23.31
2014-04-07,23.67
2014-04-08,23.03
2014-04-09,22.62
2014-04-10,23.9
2014-04-11,24.11
2014-04-14,23.25
2014-04-15,23.94
2014-04-16,22.49
2014-04-17,21.74
2014-04-18,NA
2014-04-21,22.51
2014-04-22,22.05
2014-04-23,22.07
2014-04-24,21.34
2014-04-25,21.81
2014-04-28,22.76
2014-04-29,22.17
2014-04-30,21.02
2014-05-01,21.33
2014-05-02,20.61
2014-05-05,21.15
2014-05-06,21.21
2014-05-07,21.19
2014-05-08,21.07
2014-05-09,20.08
2014-05-12,18.64
2014-05-13,18.62
2014-05-14,19.14
2014-05-15,19.64
2014-05-16,19.73
2014-05-19,19.85
2014-05-20,19.84
2014-05-21,19.81
2014-05-22,19.25
2014-05-23,18.9
2014-05-26,NA
2014-05-27,19.16
2014-05-28,19.42
2014-05-29,19.4
2014-05-30,19.7
2014-06-02,20.52
2014-06-03,20.99
2014-06-04,20.57
2014-06-05,20.37
2014-06-06,19.55
2014-06-09,19.16
2014-06-10,18.81
2014-06-11,19.05
2014-06-12,19.59
2014-06-13,19.42
2014-06-16,19.8
2014-06-17,19.28
2014-06-18,18.41
2014-06-19,18.35
2014-06-20,17.59
2014-06-23,18.29
2014-06-24,17.76
2014-06-25,17.78
2014-06-26,17.3
2014-06-27,17.02
2014-06-30,16.97
2014-07-01,16.93
2014-07-02,17.55
2014-07-03,17.28
2014-07-04,NA
2014-07-07,17.93
2014-07-08,17.93
2014-07-09,18.01
2014-07-10,17.93
2014-07-11,17.98
2014-07-14,18.07
2014-07-15,17.75
2014-07-16,17.94
2014-07-17,18.7
2014-07-18,18.04
2014-07-21,18.49
2014-07-22,18.45
2014-07-23,18.71
2014-07-24,19.88
2014-07-25,19.68
2014-07-28,20.92
2014-07-29,21.3
2014-07-30,21.25
2014-07-31,21.43
2014-08-01,21.55
2014-08-04,21.49
2014-08-05,22.15
2014-08-06,22.1
2014-08-07,22.86
2014-08-08,22.72
2014-08-11,22.7
2014-08-12,22.04
2014-08-13,21.08
2014-08-14,20.12
2014-08-15,19.42
2014-08-18,19.41
2014-08-19,19.18
2014-08-20,19.15
2014-08-21,19.2
2014-08-22,18.66
2014-08-25,18.51
2014-08-26,18.18
2014-08-27,18.03
2014-08-28,17.96
2014-08-29,17.33
2014-09-01,NA
2014-09-02,17.39
2014-09-03,18.9
2014-09-04,18.98
2014-09-05,19.27
2014-09-08,19.34
2014-09-09,19.76
2014-09-10,20.09
2014-09-11,20.29
2014-09-12,20.77
2014-09-15,21.74
2014-09-16,22.64
2014-09-17,21.72
2014-09-18,21.31
2014-09-19,20.72
2014-09-22,22.12
2014-09-23,21.22
2014-09-24,21
2014-09-25,21.96
2014-09-26,21.41
2014-09-29,23.76
2014-09-30,23.99
2014-10-01,25.08
2014-10-02,25.87
2014-10-03,24.89
2014-10-06,24.97
2014-10-07,24.78
2014-10-08,24.4
2014-10-09,24.92
2014-10-10,26.05
2014-10-13,26.83
2014-10-14,27.99
2014-10-15,29.13
2014-10-16,30.5
2014-10-17,26.91
2014-10-20,25.76
2014-10-21,24.44
2014-10-22,23.82
2014-10-23,23.46
2014-10-24,23.39
2014-10-27,22.68
2014-10-28,22.84
2014-10-29,22.99
2014-10-30,22.44
2014-10-31,22.72
2014-11-03,23.39
2014-11-04,23.12
2014-11-05,23.35
2014-11-06,23.28
2014-11-07,22.94
2014-11-10,23.61
2014-11-11,23.81
2014-11-12,24.16
2014-11-13,25.1
2014-11-14,25.78
2014-11-17,24.44
2014-11-18,23.87
2014-11-19,22.68
2014-11-20,21.43
2014-11-21,23.25
2014-11-24,23.29
2014-11-25,22.41
2014-11-26,24.24
2014-11-27,NA
2014-11-28,23.87
2014-12-01,24.43
2014-12-02,25.84
2014-12-03,26.08
2014-12-04,28.88
2014-12-05,29.28
2014-12-08,28.47
2014-12-09,28.64
2014-12-10,27.67
2014-12-11,27.3
2014-12-12,26.73
2014-12-15,26.32
2014-12-16,26.65
2014-12-17,28.15
2014-12-18,26.12
2014-12-19,25.84
2014-12-22,26.03
2014-12-23,25.06
2014-12-24,25.18
2014-12-25,NA
2014-12-26,27.1
2014-12-29,26.68
2014-12-30,25.92
2014-12-31,26.01
2015-01-01,NA
2015-01-02,26.46
2015-01-05,26.97
2015-01-06,27.24
2015-01-07,27.11
2015-01-08,25.57
2015-01-09,25.39
2015-01-12,25.69
2015-01-13,24.82
2015-01-14,25.49
2015-01-15,26.1
2015-01-16,26.17
2015-01-19,NA
2015-01-20,27.86
2015-01-21,26.72
2015-01-22,26.66
2015-01-23,25.83
2015-01-26,25.6
2015-01-27,25.16
2015-01-28,25.04
2015-01-29,25.26
2015-01-30,25.52
2015-02-02,25.98
2015-02-03,25.94
2015-02-04,27.32
2015-02-05,26.06
2015-02-06,24.87
2015-02-09,24.98
2015-02-10,23.99
2015-02-11,23.03
2015-02-12,22.51
2015-02-13,21.59
2015-02-16,NA
2015-02-17,20.99
2015-02-18,20.91
2015-02-19,20.78
2015-02-20,20.61
2015-02-23,21.35
2015-02-24,21.35
2015-02-25,21.1
2015-02-26,21.03
2015-02-27,20.93
2015-03-02,20.66
2015-03-03,20.68
2015-03-04,20.92
2015-03-05,20.85
2015-03-06,20.81
2015-03-09,21.34
2015-03-10,21.89
2015-03-11,21.95
2015-03-12,22.44
2015-03-13,23.07
2015-03-16,23.67
2015-03-17,23.38
2015-03-18,23.33
2015-03-19,22.27
2015-03-20,21.22
2015-03-23,21.2
2015-03-24,20.15
2015-03-25,20.14
2015-03-26,20.17
2015-03-27,20.56
2015-03-30,23.93
2015-03-31,22.42
2015-04-01,23.12
2015-04-02,22.87
2015-04-03,NA
2015-04-06,24.38
2015-04-07,24.35
2015-04-08,29.65
2015-04-09,34.08
2015-04-10,33.85
2015-04-13,38.09
2015-04-14,34.53
2015-04-15,32.44
2015-04-16,31
2015-04-17,32.67
2015-04-20,32.39
2015-04-21,30.95
2015-04-22,31.45
2015-04-23,31.84
2015-04-24,33.03
2015-04-27,33.89
2015-04-28,32.58
2015-04-29,32.31
2015-04-30,30.82
2015-05-01,30.1
2015-05-04,29.31
2015-05-05,30.73
2015-05-06,31.51
2015-05-07,31.01
2015-05-08,30.68
2015-05-11,29.07
2015-05-12,29.11
2015-05-13,27.45
2015-05-14,27.09
2015-05-15,27.21
2015-05-18,27.7
2015-05-19,28.94
2015-05-20,28.68
2015-05-21,28.08
2015-05-22,29.71
2015-05-25,NA
2015-05-26,31.28
2015-05-27,30.76
2015-05-28,31.78
2015-05-29,30.58
2015-06-01,31.18
2015-06-02,30.57
2015-06-03,29.87
2015-06-04,31.37
2015-06-05,31.48
2015-06-08,32.29
2015-06-09,32.37
2015-06-10,30.42
2015-06-11,29.59
2015-06-12,30.1
2015-06-15,31.12
2015-06-16,31.99
2015-06-17,31.13
2015-06-18,30.24
2015-06-19,29.73
2015-06-22,29.12
2015-06-23,28.13
2015-06-24,27.8
2015-06-25,27.58
2015-06-26,29.36
2015-06-29,32.25
2015-06-30,31.62
2015-07-01,30.95
2015-07-02,30.31
2015-07-03,NA
2015-07-06,31.53
2015-07-07,36.23
2015-07-08,46.81
2015-07-09,42.75
2015-07-10,38.91
2015-07-13,34.37
2015-07-14,32.56
2015-07-15,32.14
2015-07-16,30.23
2015-07-17,29.52
2015-07-20,28.29
2015-07-21,27.19
2015-07-22,26.51
2015-07-23,28.94
2015-07-24,30.61
2015-07-27,38.51
2015-07-28,33.85
2015-07-29,30.97
2015-07-30,30.25
2015-07-31,30.35
2015-08-03,30.99
2015-08-04,29.53
2015-08-05,29.11
2015-08-06,29.17
2015-08-07,29.09
2015-08-10,29.27
2015-08-11,32.02
2015-08-12,33.28
2015-08-13,31.43
2015-08-14,29.87
2015-08-17,30.37
2015-08-18,30.99
2015-08-19,32.67
2015-08-20,36.33
2015-08-21,40.51
2015-08-24,58.4
2015-08-25,53.03
2015-08-26,47.13
2015-08-27,41.8
2015-08-28,45.85
2015-08-31,45.58
2015-09-01,53.69
2015-09-02,49.23
2015-09-03,47.36
2015-09-04,55.47
2015-09-07,NA
2015-09-08,48.96
2015-09-09,46.86
2015-09-10,49.02
2015-09-11,47.71
2015-09-14,47.48
2015-09-15,45.72
2015-09-16,42.51
2015-09-17,39.17
2015-09-18,40.85
2015-09-21,37.84
2015-09-22,39.91
2015-09-23,40.64
2015-09-24,41.41
2015-09-25,40.34
2015-09-28,43.47
2015-09-29,42.84
2015-09-30,40.24
2015-10-01,38.96
2015-10-02,37.79
2015-10-05,36.58
2015-10-06,36.34
2015-10-07,35.56
2015-10-08,34.9
2015-10-09,34.11
2015-10-12,32.77
2015-10-13,32.81
2015-10-14,33.53
2015-10-15,32.23
2015-10-16,32
2015-10-19,31.5
2015-10-20,31.24
2015-10-21,31.15
2015-10-22,30.43
2015-10-23,30.31
2015-10-26,31.27
2015-10-27,31.38
2015-10-28,31.44
2015-10-29,31.62
2015-10-30,29.65
2015-11-02,29.28
2015-11-03,28.72
2015-11-04,28.92
2015-11-05,29.51
2015-11-06,28.47
2015-11-09,30.48
2015-11-10,29.94
2015-11-11,28.92
2015-11-12,29.43
2015-11-13,31.01
2015-11-16,31.11
2015-11-17,30.22
2015-11-18,29.08
2015-11-19,28.99
2015-11-20,28.67
2015-11-23,27.52
2015-11-24,27.67
2015-11-25,26.91
2015-11-26,NA
2015-11-27,27.56
2015-11-30,29.42
2015-12-01,28.57
2015-12-02,28.83
2015-12-03,28.56
2015-12-04,27.39
2015-12-07,27.99
2015-12-08,29.6
2015-12-09,29.5
2015-12-10,30.87
2015-12-11,36.42
2015-12-14,35.26
2015-12-15,32.49
2015-12-16,30.12
2015-12-17,28.72
2015-12-18,28.9
2015-12-21,28.02
2015-12-22,27.25
2015-12-23,25.87
2015-12-24,25.75
2015-12-25,NA
2015-12-28,27.69
2015-12-29,26.73
2015-12-30,26.6
2015-12-31,27.02
2016-01-01,NA
2016-01-04,32.07
2016-01-05,31.52
2016-01-06,33.36
2016-01-07,43.85
2016-01-08,43.54
2016-01-11,41.43
2016-01-12,39.64
2016-01-13,40.58
2016-01-14,37.76
2016-01-15,43.27
2016-01-18,NA
2016-01-19,39.62
2016-01-20,43.36
2016-01-21,43.26
2016-01-22,38.71
2016-01-25,40.53
2016-01-26,39.98
2016-01-27,39.24
2016-01-28,38.14
2016-01-29,34.52
2016-02-01,35.61
2016-02-02,38.31
2016-02-03,37.77
2016-02-04,38.13
2016-02-05,39.69
2016-02-08,43.09
2016-02-09,46.2
2016-02-10,43.48
2016-02-11,46.73
2016-02-12,44.89
2016-02-15,NA
2016-02-16,40.99
2016-02-17,39.02
2016-02-18,38.6
2016-02-19,37.23
2016-02-22,34.39
2016-02-23,35.89
2016-02-24,37.49
2016-02-25,38.9
2016-02-26,37.35
2016-02-29,37.58
2016-03-01,34.39
2016-03-02,32.53
2016-03-03,32.18
2016-03-04,32.28
2016-03-07,32.56
2016-03-08,33.36
2016-03-09,33.26
2016-03-10,32.19
2016-03-11,30.63
2016-03-14,30.1
2016-03-15,29.91
2016-03-16,28.78
2016-03-17,28.22
2016-03-18,27.49
2016-03-21,27.32
2016-03-22,27.67
2016-03-23,28.17
2016-03-24,28.62
2016-03-25,NA
2016-03-28,29.3
2016-03-29,28.99
2016-03-30,28.34
2016-03-31,28.42
2016-04-01,29.31
2016-04-04,29.71
2016-04-05,30.72
2016-04-06,29.7
2016-04-07,31.02
2016-04-08,29.47
2016-04-11,28.9
2016-04-12,27.84
2016-04-13,28.08
2016-04-14,27.74
2016-04-15,27.57
2016-04-18,26.97
2016-04-19,26.42
2016-04-20,27.63
2016-04-21,27.93
2016-04-22,27.47
2016-04-25,28.12
2016-04-26,27.17
2016-04-27,26.82
2016-04-28,27.56
2016-04-29,28.94
2016-05-02,29.31
2016-05-03,30.24
2016-05-04,30.48
2016-05-05,29.76
2016-05-06,29.3
2016-05-09,30.66
2016-05-10,27.91
2016-05-11,27.46
2016-05-12,27.2
2016-05-13,28.81
2016-05-16,27.86
2016-05-17,28.81
2016-05-18,29.76
2016-05-19,29.2
2016-05-20,28.36
2016-05-23,27.9
2016-05-24,26.73
2016-05-25,25.79
2016-05-26,25.45
2016-05-27,25.04
2016-05-30,NA
2016-05-31,27.23
2016-06-01,27.74
2016-06-02,26.58
2016-06-03,26.22
2016-06-06,26.52
2016-06-07,26.87
2016-06-08,25.95
2016-06-09,25.4
2016-06-10,28.51
2016-06-13,32.96
2016-06-14,34.23
2016-06-15,32.29
2016-06-16,31.34
2016-06-17,31.1
2016-06-20,28.86
2016-06-21,29.07
2016-06-22,30.91
2016-06-23,27.93
2016-06-24,32.05
2016-06-27,31.79
2016-06-28,27.95
2016-06-29,26.96
2016-06-30,26.12
2016-07-01,25.68
2016-07-04,NA
2016-07-05,27.22
2016-07-06,27.5
2016-07-07,26.91
2016-07-08,25.36
2016-07-11,25.96
2016-07-12,26.08
2016-07-13,25.16
2016-07-14,24.02
2016-07-15,22.25
2016-07-18,22.99
2016-07-19,23.65
2016-07-20,23.4
2016-07-21,23.49
2016-07-22,22.73
2016-07-25,23.04
2016-07-26,23.26
2016-07-27,22.73
2016-07-28,22.28
2016-07-29,21.44
2016-08-01,21.74
2016-08-02,23.52
2016-08-03,22.88
2016-08-04,22.49
2016-08-05,21.6
2016-08-08,21.65
2016-08-09,20.68
2016-08-10,21.01
2016-08-11,21.43
2016-08-12,20.89
2016-08-15,21.96
2016-08-16,23.24
2016-08-17,23
2016-08-18,22.14
2016-08-19,21.68
2016-08-22,21.9
2016-08-23,21.7
2016-08-24,22.86
2016-08-25,22.82
2016-08-26,21.94
2016-08-29,21.58
2016-08-30,21.94
2016-08-31,22.36
2016-09-01,22.28
2016-09-02,21.32
2016-09-05,NA
2016-09-06,21.58
2016-09-07,21.28
2016-09-08,21.92
2016-09-09,25.02
2016-09-12,23.09
2016-09-13,25.83
2016-09-14,25.1
2016-09-15,24.22
2016-09-16,23.83
2016-09-19,24.18
2016-09-20,24.06
2016-09-21,22.31
2016-09-22,22.4
2016-09-23,22.56
2016-09-26,24.45
2016-09-27,23.08
2016-09-28,22.53
2016-09-29,24.25
2016-09-30,23.07
2016-10-03,23.34
2016-10-04,23.95
2016-10-05,24.18
2016-10-06,24.1
2016-10-07,24.51
2016-10-10,24.81
2016-10-11,25.95
2016-10-12,24.66
2016-10-13,26.17
2016-10-14,24.64
2016-10-17,25.12
2016-10-18,24.68
2016-10-19,24.34
2016-10-20,23.77
2016-10-21,22.58
2016-10-24,22.61
2016-10-25,22.47
2016-10-26,23.12
2016-10-27,23.57
2016-10-28,24.82
2016-10-31,25.55
2016-11-01,26.37
2016-11-02,26.68
2016-11-03,27.81
2016-11-04,29.1
2016-11-07,26.7
2016-11-08,27.08
2016-11-09,25.33
2016-11-10,26.06
2016-11-11,26.08
2016-11-14,26.35
2016-11-15,24.45
2016-11-16,24.1
2016-11-17,23
2016-11-18,21.58
2016-11-21,21.11
2016-11-22,21.08
2016-11-23,21.13
2016-11-24,NA
2016-11-25,21.59
2016-11-28,23.35
2016-11-29,23.62
2016-11-30,23.35
2016-12-01,23.8
2016-12-02,23.88
2016-12-05,22.22
2016-12-06,21.18
2016-12-07,20.88
2016-12-08,21.46
2016-12-09,20.94
2016-12-12,23.29
2016-12-13,22.42
2016-12-14,23.76
2016-12-15,24.15
2016-12-16,24.42
2016-12-19,22.98
2016-12-20,23.06
2016-12-21,22.07
2016-12-22,23.36
2016-12-23,22.91
2016-12-26,NA
2016-12-27,23.55
2016-12-28,24.59
2016-12-29,24.13
2016-12-30,24.61
2017-01-02,NA
2017-01-03,23.08
2017-01-04,21.97
2017-01-05,20.77
2017-01-06,20.57
2017-01-09,20.44
2017-01-10,20.9
2017-01-11,20.85
2017-01-12,20.45
2017-01-13,19.47
2017-01-16,NA
2017-01-17,19.7
2017-01-18,19.61
2017-01-19,19.59
2017-01-20,18.45
2017-01-23,18.78
2017-01-24,18.26
2017-01-25,17.09
2017-01-26,17.29
2017-01-27,16.79
2017-01-30,18.5
2017-01-31,19.17
2017-02-01,18.75
2017-02-02,18.24
2017-02-03,17.82
2017-02-06,18.3
2017-02-07,17.97
2017-02-08,18.61
2017-02-09,19.04
2017-02-10,19.24
2017-02-13,19.15
2017-02-14,19.02
2017-02-15,19.92
2017-02-16,19.3
2017-02-17,18.48
2017-02-20,NA
2017-02-21,18.47
2017-02-22,18.43
2017-02-23,17.8
2017-02-24,18.38
2017-02-27,18.7
2017-02-28,18.83
2017-03-01,18.44
2017-03-02,19
2017-03-03,17.93
2017-03-06,17.72
2017-03-07,16.95
2017-03-08,17.05
2017-03-09,17.96
2017-03-10,17.77
2017-03-13,16.56
2017-03-14,17.02
2017-03-15,17.51
2017-03-16,17.71
2017-03-17,16.57
2017-03-20,18.04
2017-03-21,19.96
2017-03-22,19.42
2017-03-23,19.34
2017-03-24,19.19
2017-03-27,19.73
2017-03-28,18.46
2017-03-29,17.66
2017-03-30,16.85
2017-03-31,17.5
2017-04-03,17.33
2017-04-04,18
2017-04-05,17.96
2017-04-06,18.18
2017-04-07,18.36
2017-04-10,19.07
2017-04-11,19.92
2017-04-12,19.14
2017-04-13,19.02
2017-04-14,NA
2017-04-17,18.93
2017-04-18,20.15
2017-04-19,19.49
2017-04-20,18.62
2017-04-21,19.13
2017-04-24,16.18
2017-04-25,15.58
2017-04-26,15.96
2017-04-27,15.3
2017-04-28,15.09
2017-05-01,15.68
2017-05-02,16.17
2017-05-03,16.83
2017-05-04,17.99
2017-05-05,18.34
2017-05-08,17.48
2017-05-09,17.33
2017-05-10,17.41
2017-05-11,17.51
2017-05-12,17.37
2017-05-15,18.15
2017-05-16,18.03
2017-05-17,20.07
2017-05-18,19.65
2017-05-19,17.8
2017-05-22,16.76
2017-05-23,16.94
2017-05-24,17.21
2017-05-25,17.56
2017-05-26,17.28
2017-05-29,NA
2017-05-30,17.6
2017-05-31,16.92
2017-06-01,16.51
2017-06-02,16.59
2017-06-05,16.5
2017-06-06,16.58
2017-06-07,15.59
2017-06-08,15.25
2017-06-09,16.76
2017-06-12,16.98
2017-06-13,16.3
2017-06-14,16.38
2017-06-15,17.33
2017-06-16,16.46
2017-06-19,16.67
2017-06-20,17.44
2017-06-21,16.77
2017-06-22,16.13
2017-06-23,15.98
2017-06-26,16.37
2017-06-27,16.98
2017-06-28,16.89
2017-06-29,18.45
2017-06-30,17.69
2017-07-03,17.55
2017-07-04,NA
2017-07-05,18.05
2017-07-06,18.37
2017-07-07,18.53
2017-07-10,18.04
2017-07-11,18.04
2017-07-12,17.79
2017-07-13,17.39
2017-07-14,17.28
2017-07-17,17.35
2017-07-18,17.43
2017-07-19,16.88
2017-07-20,16.92
2017-07-21,16.27
2017-07-24,16.29
2017-07-25,16.29
2017-07-26,15.19
2017-07-27,15.98
2017-07-28,17.21
2017-07-31,16.58
2017-08-01,16.92
2017-08-02,17.94
2017-08-03,17.95
2017-08-04,17.38
2017-08-07,17.24
2017-08-08,17.66
2017-08-09,18.98
2017-08-10,23.19
2017-08-11,23.55
2017-08-14,20.17
2017-08-15,20.36
2017-08-16,18.41
2017-08-17,21.65
2017-08-18,20.7
2017-08-21,18.5
2017-08-22,17.88
2017-08-23,17.55
2017-08-24,18.29
2017-08-25,19.15
2017-08-28,19.9
2017-08-29,20.89
2017-08-30,20.44
2017-08-31,20.17
2017-09-01,19.72
2017-09-04,NA
2017-09-05,21.38
2017-09-06,20.64
2017-09-07,20.3
2017-09-08,20.32
2017-09-11,17.26
2017-09-12,16.95
2017-09-13,15.71
2017-09-14,15.57
2017-09-15,15.23
2017-09-18,15.98
2017-09-19,16.02
2017-09-20,16.03
2017-09-21,15.85
2017-09-22,16.41
2017-09-25,18.81
2017-09-26,18.64
2017-09-27,17.98
2017-09-28,18.59
2017-09-29,17.45
2017-10-02,18.03
2017-10-03,18.03
2017-10-04,18.41
2017-10-05,18.52
2017-10-06,19.06
2017-10-09,18.87
2017-10-10,18.15
2017-10-11,17.7
2017-10-12,17.71
2017-10-13,17.46
2017-10-16,17.62
2017-10-17,17.49
2017-10-18,17.27
2017-10-19,17.62
2017-10-20,17.33
2017-10-23,18.61
2017-10-24,18.67
2017-10-25,19.78
2017-10-26,19.33
2017-10-27,18.65
2017-10-30,20.8
2017-10-31,19.46
2017-11-01,19.57
2017-11-02,18.83
2017-11-03,18.37
2017-11-06,19.23
2017-11-07,18.83
2017-11-08,18.86
2017-11-09,19.65
2017-11-10,19.03
2017-11-13,19.24
2017-11-14,19.84
2017-11-15,20.68
2017-11-16,18.95
2017-11-17,19.52
2017-11-20,19.36
2017-11-21,19.74
2017-11-22,20.41
2017-11-23,NA
2017-11-24,20.72
2017-11-27,21.53
2017-11-28,22.01
2017-11-29,22.72
2017-11-30,23.62
2017-12-01,24
2017-12-04,23.32
2017-12-05,22.24
2017-12-06,23.73
2017-12-07,22.48
2017-12-08,21.46
2017-12-11,20.85
2017-12-12,21.57
2017-12-13,19.82
2017-12-14,19.3
2017-12-15,16.51
2017-12-18,19.63
2017-12-19,19.47
2017-12-20,20.32
2017-12-21,16.59
2017-12-22,17.78
2017-12-25,NA
2017-12-26,19.33
2017-12-27,19.57
2017-12-28,18.68
2017-12-29,18.94
2018-01-01,NA
2018-01-02,19.73
2018-01-03,19.4
2018-01-04,19.47
2018-01-05,18.96
2018-01-08,18.74
2018-01-09,18.55
2018-01-10,18.5
2018-01-11,18.42
2018-01-12,17.93
2018-01-15,NA
2018-01-16,20.34
2018-01-17,21.41
2018-01-18,20.4
2018-01-19,21.2
2018-01-22,21.85
2018-01-23,23.63
2018-01-24,24.26
2018-01-25,24.91
2018-01-26,26.59
2018-01-29,27.39
2018-01-30,28.1
2018-01-31,25.31
2018-02-01,24.55
2018-02-02,26.72
2018-02-05,32.72
2018-02-06,29.17
2018-02-07,32.37
2018-02-08,36.62
2018-02-09,33.58
2018-02-12,30.58
2018-02-13,31.63
2018-02-14,26.87
2018-02-15,28.1
2018-02-16,26.85
2018-02-19,NA
2018-02-20,27.85
2018-02-21,29.26
2018-02-22,28.08
2018-02-23,27.43
2018-02-26,26.46
2018-02-27,31.34
2018-02-28,28.32
2018-03-01,29.97
2018-03-02,28.5
2018-03-05,27.96
2018-03-06,27.63
2018-03-07,27.92
2018-03-08,27.24
2018-03-09,24.69
2018-03-12,24.66
2018-03-13,24.88
2018-03-14,25.73
2018-03-15,24.49
2018-03-16,22.82
2018-03-19,25.7
2018-03-20,26.02
2018-03-21,24.24
2018-03-22,28.69
2018-03-23,30.63
2018-03-26,27.83
2018-03-27,28.7
2018-03-28,30.39
2018-03-29,26.85
2018-03-30,NA
2018-04-02,31.55
2018-04-03,28.79
2018-04-04,27.92
2018-04-05,27.25
