BTC,LTC,DCOILWTICO,DHHNGSP,GOLDPMGBD228NLBM,DTWEXB,DEXUSEU,DEXUSUK,DEXCHUS,T10YIE,DAAA,DTB1YR,T5YIE,DJIA,SP500,VIXCLS,OVXCLS,GVZCLS,VXNCLS,VXSLVCLS,VXGSCLS,EVZCLS,VXFXICLS,VXEWZCLS,NIKKEI225,y
0.22367066282959416,0.1414132930175262,0.29136562833116186,0.19669669669669665,0.5361438609027034,0.691482969314384,0.37471846846846857,0.2009114325341783,0.6680104597951635,0.5714285714285716,0.2774193548387096,0.6212121212121212,0.6923076923076923,0.678742844239639,0.7531890012155906,0.0015822784810126111,0.18535753063440358,0.08181063122923593,0.07873774509803921,0.07126877596676262,0.18973471741637826,0.2644787644787644,0.07919649041791732,0.2010224575497535,0.7006885142870354,1
0.22589687893952307,0.14267316199115293,0.27419163804334956,0.21621621621621623,0.505894962486602,0.6987003341997768,0.382038288288288,0.18723994452149784,0.6680104597951635,0.5798319327731094,0.29032258064516103,0.6212121212121212,0.7264957264957266,0.6785989972526898,0.751080952161135,0.01613924050632909,0.2030401737242128,0.08720930232558138,0.09252450980392157,0.058165548098433995,0.1940599769319492,0.2509652509652509,0.09166474255368268,0.2242103341245208,0.7060101363414126,1
0.24696244887972502,0.13718573268380088,0.27703422953926327,0.2072072072072072,0.5462665237584852,0.6987003341997768,0.382038288288288,0.18723994452149784,0.6680104597951635,0.5798319327731094,0.29032258064516103,0.6212121212121212,0.7264957264957266,0.6775452344413175,0.74754189170475,0.037658227848101244,0.19885217930820537,0.10506644518272429,0.11427696078431371,0.08405241291147336,0.23529411764705876,0.27606177606177607,0.08727776495035788,0.25762278619682316,0.7060101363414126,1
0.2474859246961399,0.13875356962875862,0.29302380670377826,0.21021021021021025,0.5763963320233416,0.6791884684198086,0.4023085585585582,0.21735684565088143,0.5785574199171943,0.588235294117647,0.2774193548387096,0.6616161616161615,0.7008547008547008,0.6833668558143038,0.7520888150302358,0.029746835443037967,0.18675352877307272,0.11586378737541536,0.12193627450980388,0.12176414189837015,0.21482122260668968,0.31177606177606176,0.07065342876933728,0.21015154281541,0.7173811968212405,1
0.24982187645865722,0.1392295201299065,0.2974061352599786,0.21021021021021025,0.5712754555198285,0.6798163589103066,0.4144144144144146,0.21636615811373083,0.5957724994552205,0.5966386554621848,0.2709677419354839,0.6515151515151516,0.7008547008547008,0.6868969612324007,0.7556278754866208,0.0224683544303797,0.18504730882581044,0.11212624584717612,0.11580882352941174,0.12048577820389916,0.24596309111880044,0.3214285714285714,0.060263218656199435,0.19883147708599597,0.7223269231263223,1
0.2823976137483546,0.16504283554510332,0.2892336847092265,0.21921921921921922,0.5736572585447184,0.6800661648043747,0.41244369369369416,0.20923320784624488,0.5941381564611037,0.5966386554621848,0.25806451612903203,0.6565656565656565,0.7350427350427351,0.6842307740556905,0.7523119297111818,0.0243670886075949,0.17605087637660932,0.09925249169435219,0.12316176470588236,0.12048577820389916,0.24884659746251436,0.31949806949806947,0.0604941122142692,0.19864889538068292,0.7286161128269502,1
0.29291438466389125,0.16313903354051182,0.29894587232026526,0.22522522522522526,0.595927116827438,0.6785504506633355,0.411599099099099,0.2349910838121656,0.5865112224885607,0.5630252100840336,0.23225806451612874,0.6464646464646465,0.6666666666666667,0.6867991118284877,0.7540352982812477,0.014873417721518956,0.17418954552505045,0.09676079734219273,0.11213235294117646,0.12048577820389916,0.2125144175317185,0.2847490347490347,0.054721773262525975,0.16815775059339055,0.7457805916205216,1
0.29702973416144374,0.1776695223696736,0.3040388487504442,0.2072072072072072,0.6047397880195304,0.6883266380852717,0.40399774774774766,0.23122647117099282,0.5974068424493364,0.5546218487394958,0.2451612903225806,0.6565656565656565,0.6239316239316239,0.6939279008793902,0.7574743418116912,0.0243670886075949,0.18334108887854816,0.11212624584717612,0.12806372549019607,0.07254713966123372,0.17820069204152245,0.277027027027027,0.058416070191641634,0.1814862150812489,0.7543756748356205,0
0.290724922121815,0.16327901898202588,0.3041572900627738,0.20870870870870867,0.560557341907824,0.7018634169395401,0.3882319819819817,0.21081830790568645,0.6339071693179363,0.5378151260504203,0.23225806451612874,0.6515151515151516,0.6495726495726495,0.6973133229908464,0.7587976426779919,0.03702531645569618,0.17636109818520246,0.09177740863787381,0.1253063725490196,0.050175775007989754,0.12889273356401376,0.277027027027027,0.05541445393673511,0.16505386160306745,0.761273661524287,0
0.2899467965852785,0.16677865501987796,0.3062892336847092,0.19819819819819823,0.5497201381445755,0.6958005603753836,0.394144144144144,0.21101644541311648,0.6371758553061682,0.5546218487394958,0.25806451612903203,0.6565656565656565,0.6495726495726495,0.7107078191709562,0.7602594285186726,0.029430379746835433,0.1847370870172173,0.1017441860465117,0.12285539215686275,0.054969638862256365,0.08535178777393315,0.2712355212355212,0.05033479565920107,0.17107905787840055,0.7635795550387583,1
0.29613347215680963,0.16400694327789914,0.29728769394764887,0.20120120120120122,0.5644873168988926,0.6861796576984096,0.41300675675675613,0.21062017039825642,0.6236652865548056,0.5546218487394958,0.23870967741935445,0.6515151515151516,0.6239316239316239,0.7111627770831679,0.760905691732447,0.028797468354430367,0.18303086706995503,0.1042358803986711,0.13265931372549022,0.06615532118887824,0.11880046136101496,0.2799227799227799,0.058416070191641634,0.18239912360781457,0.770897962713539,1
0.3120388411705066,0.16565877148776528,0.3013146985668601,0.19669669669669665,0.5521019411694654,0.7061540019579375,0.3927364864864864,0.21022389538339636,0.6300937023316635,0.5798319327731094,0.2709677419354839,0.6616161616161615,0.7094017094017095,0.7250113948557977,0.7709920140331441,0.0262658227848101,0.15526601520086863,0.08554817275747512,0.12285539215686275,0.062000639181847284,0.13437139561707034,0.27509652509652505,0.05172015700761945,0.18093846996530943,0.771678866866973,0
0.30777910265639036,0.15051234671594158,0.3046310553120928,0.21921921921921922,0.5370965821126594,0.7131181851939372,0.3904842342342336,0.21458292054685968,0.6513401612551766,0.5714285714285716,0.2709677419354839,0.6565656565656565,0.6495726495726495,0.7204392351020101,0.7631214513225315,0.0610759493670886,0.1641073367457732,0.09385382059800662,0.16636029411764708,0.07925854905720675,0.1182237600922722,0.29054054054054057,0.08127453244054489,0.217454811027935,0.7921442069670008,0
0.2865838451267657,0.15342404389943448,0.3094871491176122,0.21921921921921922,0.5407883768012383,0.7190628903217098,0.39161036036036023,0.19932633247473763,0.6464371322728271,0.5798319327731094,0.29032258064516103,0.6616161616161615,0.6837606837606838,0.7344726795264758,0.7663142993429659,0.06392405063291134,0.17217310376919498,0.095514950166113,0.15931372549019607,0.08021732182806018,0.113033448673587,0.277992277992278,0.08265989378896332,0.21544641226949063,0.8014362813892215,1
0.2983533876551066,0.15490788957948376,0.30534170318607123,0.22372372372372373,0.5373347624151479,0.718718563278534,0.4017454954954949,0.2246879334257974,0.6480714752669439,0.588235294117647,0.2967741935483872,0.6616161616161615,0.6923076923076923,0.7250808093901975,0.7570973549369895,0.06613924050632908,0.16969132930044983,0.10755813953488375,0.18382352941176466,0.08628954937679778,0.36216839677047274,0.31081081081081074,0.10828907873470328,0.20923863428884432,0.7930835182129623,1
0.30644074773558644,0.15280810795677252,0.3105531209285798,0.21321321321321324,0.5343575086340357,0.7268912669209735,0.3730292792792791,0.21062017039825642,0.6526476356504691,0.5966386554621848,0.3032258064516129,0.6616161616161615,0.7094017094017095,0.7310521319879739,0.7595977780855223,0.06835443037974681,0.16627888940592522,0.09094684385382057,0.16881127450980393,0.08053691275167796,0.3122837370242213,0.30984555984555984,0.09789886862156538,0.25214533503742936,0.7958372328592822,0
0.29993379107276835,0.15166022733635703,0.32843775909037076,0.19369369369369366,0.5169703465523399,0.7444046855483917,0.3392454954954949,0.19615613235585494,0.6641969928088916,0.588235294117647,0.29032258064516103,0.6565656565656565,0.7094017094017095,0.7338395855199609,0.7755004693101912,0.02088607594936709,0.16565844578873895,0.08513289036544852,0.12224264705882354,0.07478427612655814,0.1401384083044982,0.2635135135135135,0.08219810667282379,0.24630272046740925,0.8188422239670787,1
0.3182911481132031,0.1546279186964556,0.33068814402463576,0.2177177177177177,0.5301893533404787,0.7363433818316842,0.35219594594594605,0.21339409550227817,0.6641969928088916,0.5798319327731094,0.25806451612903203,0.6565656565656565,0.7179487179487181,0.7266932337555356,0.7691609349274493,0.043037974683544256,0.1679851093531875,0.09593023255813954,0.14522058823529416,0.08021732182806018,0.34717416378316024,0.23841698841698844,0.13184022165781573,0.3100237356216908,0.819117937933532,1
0.33603104521371413,0.15283610504507533,0.3336491768328793,0.2027027027027027,0.5257830177444327,0.7323498632819092,0.35838963963963977,0.23043392114127226,0.6456744388755729,0.588235294117647,0.25806451612903203,0.6616161616161615,0.7350427350427351,0.7290767448764968,0.7710304820815832,0.032911392405063244,0.16767488754459436,0.09883720930232565,0.1455269607843137,0.08437200383509114,0.14071510957324096,0.22683397683397677,0.10090048487647196,0.2738725579696915,0.8191128004062072,1
0.3517253437377434,0.1456408533512515,0.33317541158356034,0.1786786786786787,0.5422174586161721,0.7304020524592376,0.34994369369369327,0.22567862096294844,0.6118980169971682,0.588235294117647,0.2451612903225806,0.6767676767676767,0.6666666666666667,0.7339081637346692,0.7741848620535785,0.03354430379746831,0.1729486582906778,0.09842192691029905,0.14215686274509803,0.10738255033557054,0.16464821222606685,0.21718146718146714,0.10344031401523895,0.25524922402775246,0.8540882301817743,1
0.368064404852101,0.15000839912649086,0.3358995617671443,0.1786786786786787,0.5473383351196857,0.7215778280390239,0.36514639639639634,0.18823063205864843,0.617345826977556,0.5798319327731094,0.22580645161290303,0.6717171717171717,0.7350427350427351,0.7407032612286373,0.7745618489282802,0.024999999999999967,0.1729486582906778,0.06312292358803984,0.1344975490196078,0.07574304889741135,0.165513264129181,0.21138996138996136,0.08635419071807893,0.22475807924046015,0.8642810843950175,1
0.37485121368156815,0.15403997984209644,0.34869122349875636,0.1891891891891892,0.5187566988210075,0.7367822300239677,0.3493806306306304,0.1880324945512184,0.6491610372630214,0.5714285714285716,0.22580645161290303,0.6868686868686869,0.6923076923076923,0.7426209422813965,0.7807090430688273,0.0,0.16007445323406239,0.05066445182724255,0.10998774509803921,0.06359859379993615,0.1470588235294118,0.19111969111969107,0.07573308704687137,0.24794595581522733,0.8642810843950175,0
0.3651377707490955,0.15121227392351197,0.3689446879071421,0.2282282282282282,0.5275693700130999,0.7288525807649462,0.3448761261261257,0.20348722013077047,0.6438221834822411,0.5714285714285716,0.21290322580645116,0.6919191919191919,0.7179487179487181,0.7433928653567112,0.7832402406561112,0.008227848101265811,0.19156196680626653,0.0627076411960133,0.10998774509803921,0.09587727708533078,0.14504036908881202,0.20173745173745172,0.09558993304086816,0.24046010589738914,0.8650714073485477,1
0.3715234406379999,0.16837448905313848,0.36716806822219583,0.23723723723723722,0.5387638442300817,0.7370624177159639,0.3384009009009006,0.20487418268278157,0.6513401612551766,0.588235294117647,0.2064516129032259,0.6919191919191919,0.7435897435897436,0.7441296630049803,0.7828632537814091,0.023734177215189833,0.2210330386226152,0.06436877076411962,0.11672794117647056,0.09172259507829983,0.1585928489042675,0.19208494208494198,0.08635419071807893,0.26401314588278263,0.8984011158709349,1
0.3880788227517186,0.1719301192675962,0.3627857396659955,0.25075075075075076,0.5587709896391568,0.7277453330182624,0.3423423423423424,0.19615613235585494,0.6370668991065607,0.5798319327731094,0.2516129032258063,0.7121212121212122,0.7179487179487181,0.7446423269759099,0.785740663804644,0.020253164556961967,0.20924460989607568,0.07848837209302328,0.11488970588235298,0.10546500479386389,0.14936562860438285,0.19111969111969107,0.08704687139228812,0.26437830929340883,0.896364942541038,0
0.3714814365604541,0.176689624279075,0.3668127442852066,0.25375375375375375,0.5606764320590685,0.7241670323734937,0.35838963963963977,0.2011095700416088,0.6511222488559616,0.5798319327731094,0.2709677419354839,0.7121212121212122,0.7435897435897436,0.7361603726640547,0.7782317007493575,0.043037974683544256,0.21513882425934544,0.095514950166113,0.1449142156862745,0.11537232342601478,0.18021914648212223,0.2075289575289575,0.10528746247979676,0.2961475260178931,0.892502378247024,0
0.34389315842835444,0.16266308303936391,0.3619566504796873,0.25225225225225223,0.5594855305466235,0.7241670323734937,0.35838963963963977,0.2011095700416088,0.6511222488559616,0.588235294117647,0.2709677419354839,0.7171717171717171,0.7264957264957266,0.7328376745294656,0.7764467833017898,0.06803797468354422,0.23111524740189232,0.09343853820598008,0.1446078431372549,0.09300095877277081,0.21020761245674735,0.19015444015444016,0.09097206187947354,0.2840971334672266,0.8764655867013391,0
0.3408137344932759,0.16865445993616665,0.36219353310434677,0.24624624624624625,0.5443610813385731,0.7314519123653911,0.36064189189189166,0.19476916980384384,0.6518849422532149,0.588235294117647,0.32903225806451575,0.7222222222222222,0.7350427350427351,0.7343003976700135,0.7784009601624893,0.07468354430379742,0.24383434155421124,0.08720930232558138,0.13878676470588236,0.11249600511345492,0.20155709342560546,0.2355212355212355,0.09582082659893781,0.3029030491144788,0.8507411311293913,1
0.34481777318533197,0.17223808723892717,0.34916498874807533,0.23573573573573575,0.5363820412051918,0.7223981365830605,0.3910472972972969,0.20011888250445775,0.6480714752669439,0.5798319327731094,0.3096774193548386,0.7222222222222222,0.7350427350427351,0.7317722032424117,0.7738078751788764,0.07753164556962022,0.24166278889405923,0.09053156146179403,0.14368872549019607,0.11281559603707259,0.21885813148788924,0.3272200772200772,0.10967444008312166,0.29998174182946874,0.8506572181830789,1
0.3805102130289298,0.17542975530544827,0.3445457775672154,0.25075075075075076,0.5544837441943549,0.7203794348985584,0.399493243243243,0.20744997027937373,0.6317280453257803,0.5630252100840336,0.2709677419354839,0.7222222222222222,0.7264957264957266,0.7202151014246705,0.7628444813737709,0.12626582278481008,0.23794012719094154,0.09634551495016613,0.17708333333333331,0.11697027804410354,0.12226066897347165,0.3001930501930501,0.12906949896097897,0.281723571298156,0.8205436017662817,1
0.4097109226878199,0.19569964723668742,0.3428875991945991,0.2402402402402402,0.5492437775395973,0.7124936704587652,0.39329954954954927,0.21379037051713912,0.6396818478971467,0.5546218487394958,0.2838709677419353,0.7424242424242424,0.7350427350427351,0.7358609702144743,0.7790164489375124,0.08291139240506323,0.2159143787808283,0.06602990033222589,0.12254901960784315,0.09651645893256644,0.30478662053056516,0.24613899613899615,0.08912491341491569,0.2727770677378127,0.848183498775984,0
0.4011683434169372,0.18592866341900444,0.3555608196138813,0.23273273273273276,0.559604620697868,0.7030483070587046,0.4009009009009006,0.21874380820289296,0.6366310743081298,0.5714285714285716,0.2774193548387096,0.7474747474747475,0.7008547008547008,0.7274877374625226,0.7737924879595008,0.07246835443037969,0.1932681867535288,0.04941860465116277,0.10661764705882348,0.08756791307126888,0.21712802768166084,0.24517374517374524,0.10228584622489029,0.290304911447873,0.8520948695795874,1
0.42698247432369496,0.19903130074472258,0.3555608196138813,0.23273273273273276,0.5640109562939144,0.7121898524794918,0.3845720720720718,0.22250842084406575,0.6366310743081298,0.5630252100840336,0.2709677419354839,0.7525252525252526,0.6923076923076923,0.733516766119017,0.7763236855467848,0.047784810126582256,0.19668062664805336,0.07267441860465118,0.10753676470588236,0.07925854905720675,0.20126874279123408,0.25289575289575283,0.09859154929577463,0.2645608909987219,0.8405320080796177,0
0.420189364882596,0.19281594714149733,0.36302262229065496,0.23423423423423423,0.5571037275217336,0.7022313742699922,0.3845720720720718,0.22072518327719415,0.6388101983002841,0.5546218487394958,0.2451612903225806,0.7525252525252526,0.7008547008547008,0.74693969716864,0.7893181923094681,0.018670886075949356,0.18830463781603846,0.05855481727574752,0.07567401960784309,0.07478427612655814,0.24509803921568618,0.23841698841698844,0.10736550450242432,0.2809932444769035,0.8537799785422608,1
0.4297605190023821,0.19802340556582118,0.37534051877294805,0.23423423423423423,0.5657973085625816,0.6869290753806157,0.3980855855855854,0.23241529621557344,0.6193070385704953,0.5546218487394958,0.2193548387096773,0.7474747474747475,0.7008547008547008,0.7415328903626701,0.7878179384203481,0.023417721518987356,0.19125174499767333,0.05481727574750833,0.07444852941176472,0.08053691275167796,0.17820069204152245,0.23745173745173742,0.12283537289309626,0.26547379952528766,0.862913645871954,0
0.4184834742832661,0.20174701831009578,0.37534051877294805,0.23423423423423423,0.5738954388472068,0.6869290753806157,0.3980855855855854,0.23241529621557344,0.6193070385704953,0.5546218487394958,0.2193548387096773,0.7474747474747475,0.7008547008547008,0.7415328903626701,0.7878179384203481,0.023417721518987356,0.19125174499767333,0.05481727574750833,0.07444852941176472,0.08053691275167796,0.17820069204152245,0.23745173745173742,0.12283537289309626,0.26547379952528766,0.862913645871954,1
0.4297678697159527,0.21504563525393364,0.3878952978799005,0.23423423423423423,0.5742527093009406,0.668362421091719,0.43947072072072046,0.24133148404993054,0.609718893005013,0.5546218487394958,0.22580645161290303,0.7474747474747475,0.6666666666666667,0.7441932233015396,0.79192632599363,0.016772151898734156,0.1920272995191562,0.0477574750830565,0.06341911764705882,0.09555768616171312,0.15311418685121103,0.30984555984555984,0.12999307319325787,0.2762461201387621,0.8652854709870985,1
0.5119204946820213,0.2532056666106725,0.37794622764420227,0.20870870870870867,0.5847326426104562,0.6712520676501361,0.43243243243243246,0.24073707152764,0.6063412508171728,0.546218487394958,0.22580645161290303,0.7525252525252526,0.6495726495726495,0.7460991958786165,0.7911569650248507,0.023101265822784767,0.21498371335504884,0.0535714285714286,0.08363970588235292,0.06871204857782043,0.2618223760092271,0.29729729729729726,0.14869545139690604,0.27770677378126724,0.8605880585027361,1
0.524545345239389,0.26560837672882026,0.3762880492715859,0.20870870870870867,0.5774681433845417,0.6770955001181509,0.42314189189189166,0.22052704576976412,0.61473087818697,0.5546218487394958,0.23870967741935445,0.7474747474747475,0.6495726495726495,0.7675031257448472,0.8108679930449769,0.028164556962025245,0.2114161625562277,0.05024916943521601,0.09497549019607843,0.06455736657078948,0.182237600922722,0.2731660231660231,0.15977834218425307,0.2773416103706409,0.8597532103123875,0
0.5156095027924835,0.23632342236407416,0.3678787160961743,0.23573573573573575,0.558413719185423,0.6788677716639091,0.4175112612612608,0.26114523479294593,0.6198518195685345,0.5546218487394958,0.2709677419354839,0.7474747474747475,0.6495726495726495,0.7761983415780518,0.8101217129052611,0.04936708860759487,0.20970994260896542,0.06602990033222589,0.18596813725490197,0.08213486736976672,0.29296424452133785,0.28957528957528955,0.1761717848072038,0.2840971334672266,0.8692542108458339,1
0.5337232361831524,0.24405061873565154,0.3696553357811204,0.23573573573573575,0.5497201381445755,0.6841812105458596,0.42877252252252207,0.27501486031305733,0.619742863368927,0.5714285714285716,0.2774193548387096,0.7525252525252526,0.6837606837606838,0.8039365567881978,0.8266706673437043,0.06772151898734169,0.177601985419575,0.0980066445182724,0.1721813725490196,0.07286673058485149,0.23760092272202993,0.2702702702702703,0.1969522050334796,0.28190615300346905,0.8801937190303428,1
0.5726820181069077,0.2739235119547567,0.38090726045244583,0.2027027027027027,0.5385256639275928,0.6740100597508691,0.43215090090090014,0.2748167228056273,0.6248638047504906,0.5714285714285716,0.2193548387096773,0.7525252525252526,0.6752136752136753,0.8005277177253778,0.8225468925510468,0.07246835443037969,0.14316736466573599,0.08139534883720934,0.19178921568627455,0.06967082134867386,0.23414071510957324,0.29633204633204624,0.2057261602401293,0.30144239547197377,0.8882485056217391,1
0.6084694921759529,0.2885939862254326,0.37060286627975836,0.21321321321321324,0.533642967726569,0.6828275326604327,0.41469594594594605,0.2668912225084208,0.6300937023316635,0.5798319327731094,0.2193548387096773,0.7727272727272728,0.7094017094017095,0.8054168426422683,0.8204080690578408,0.08037974683544297,0.14239181014425312,0.0809800664451828,0.23651960784313725,0.08149568552253117,0.43166089965397914,0.2857142857142857,0.1900253982913876,0.31203213438013516,0.87866958592386,1
0.6220945648298808,0.28344252197771436,0.3727348099016936,0.20570570570570568,0.5166130760986065,0.68598048813422,0.40681306306306286,0.26391915989696857,0.6284593593375485,0.5714285714285716,0.19354838709677402,0.7676767676767677,0.6495726495726495,0.7962666688968525,0.8128144762959888,0.06930379746835441,0.13386071040794167,0.11835548172757471,0.20863970588235298,0.09364014062000647,0.34025374855824675,0.26737451737451734,0.16508889401985677,0.3103888990323171,0.8714102598133193,1
0.7467836690246705,0.277703118875637,0.35058628449603213,0.20570570570570568,0.5104203882338929,0.6987003341997768,0.39780405405405395,0.2504458093917181,0.6247548485508831,0.5714285714285716,0.19354838709677402,0.7878787878787878,0.6923076923076923,0.7929439707622639,0.8125836680053546,0.05949367088607588,0.13386071040794167,0.09302325581395349,0.19607843137254904,0.08596995845318,0.23615916955017302,0.23166023166023164,0.19949203417224654,0.32262187328829656,0.8332778194964023,1
0.9362325597757402,0.2719357186852568,0.3589956176714437,0.19819819819819823,0.4896987019173511,0.7039226276879447,0.39836711711711725,0.2603526847632254,0.628786227936371,0.5798319327731094,0.22580645161290303,0.7828282828282828,0.6923076923076923,0.7988458788256401,0.8185154410746436,0.03227848101265818,0.13386071040794167,0.14784053156146182,0.1700367647058823,0.1367849153084053,0.2993079584775086,0.2084942084942084,0.1706303394135304,0.30308563081979184,0.8607627344317936,0
0.8663850293267219,0.3462959852175374,0.36669430297287686,0.19369369369369366,0.47933785875908086,0.7110252168922795,0.3902027027027022,0.24747374678026546,0.6316190891261728,0.588235294117647,0.23225806451612874,0.7727272727272728,0.6666666666666667,0.8086876889559804,0.8296865623413194,0.013924050632911356,0.14502869551729491,0.09426910299003322,0.12591911764705882,0.09268136784915315,0.22231833910034604,0.18146718146718144,0.1470791964904179,0.28081066277159034,0.8875677832511473,1
0.8856754019396432,0.596449969203203,0.3748667535236291,0.19819819819819823,0.47100154817196627,0.7060831110961079,0.4017454954954949,0.2466811967505449,0.6290041403355859,0.588235294117647,0.2193548387096773,0.7878787878787878,0.7094017094017095,0.8134438390419121,0.8362184369662558,0.006329113924050611,0.1312238250349,0.08430232558139539,0.06985294117647056,0.08884627676573986,0.1992502883506343,0.08880308880308885,0.1329946894481644,0.2523279167427424,0.8984978726355599,1
0.9108043413314347,0.8819082815387203,0.36633897903588764,0.2072072072072072,0.4561152792664047,0.721078216250886,0.38006756756756754,0.23875569645333883,0.6328176073218579,0.5966386554621848,0.2193548387096773,0.7929292929292929,0.7264957264957266,0.8233768080186332,0.8393882041576268,0.024683544303797433,0.12936249418334111,0.11254152823920271,0.078125,0.09427932246724202,0.22664359861591687,0.12741312741312738,0.14961902562918494,0.22037611831294507,0.8922848895902562,0
0.8579212077012376,0.8439442298001011,0.3600615894824115,0.2072072072072072,0.4602834345599618,0.7124497856395369,0.3904842342342336,0.24707747176540495,0.6285683155371551,0.588235294117647,0.19354838709677402,0.7828282828282828,0.6923076923076923,0.8301200536917241,0.8384188093369649,0.032911392405063244,0.13944470296261824,0.059800664451827246,0.07444852941176472,0.05912432086928732,0.3189158016147634,0.06370656370656369,0.10921265296698218,0.19883147708599597,0.8830287778593122,1
0.8661015018032875,0.7787950053194469,0.36491768328793084,0.18018018018018017,0.480171489817792,0.7060122202342773,0.3949887387387383,0.26193778482266694,0.6198518195685345,0.5798319327731094,0.1806451612903226,0.7929292929292929,0.7094017094017095,0.8236996274195774,0.8300789364353971,0.04272151898734172,0.13184426865208626,0.04028239202657813,0.06372549019607843,0.08213486736976672,0.2958477508650519,0.05598455598455587,0.09720618794735625,0.20759539894102613,0.8775812863854668,1
0.9261095770871958,0.8360490508987067,0.36835248134549325,0.16666666666666669,0.48874598070739506,0.7068257772676638,0.3949887387387383,0.2373687339013273,0.6195249509697103,0.588235294117647,0.16129032258064502,0.7979797979797979,0.7179487179487181,0.835665689566494,0.8483897274923451,0.008860759493670878,0.10469986040018614,0.0,0.04810049019607843,0.057526366251198446,0.3442906574394463,0.03185328185328179,0.032786885245901676,0.14095307650173455,0.8654884033164452,1
1.0,1.0,0.36693118559753646,0.18318318318318316,0.5030367988567344,0.6994396246160077,0.4023085585585582,0.25361600951060037,0.6195249509697103,0.5966386554621848,0.19354838709677402,0.7929292929292929,0.6666666666666667,0.84741263595422,0.8594300573943281,0.012341772151898689,0.06095858538855281,0.0207641196013289,0.06801470588235292,0.04090763822307453,0.26066897347174156,0.07528957528957525,0.10482567536365733,0.16505386160306745,0.8953331558032223,0
0.9297744328530692,0.9773503555630217,0.3707213075920881,0.1891891891891892,0.5024413481005117,0.7067953954697366,0.4073761261261257,0.24529423419853336,0.6195249509697103,0.6134453781512605,0.2451612903225806,0.7979797979797979,0.6923076923076923,0.8442806187093079,0.8527443105756358,0.028164556962025245,0.06793857608189852,0.03696013289036548,0.07689950980392157,0.050175775007989754,0.2079008073817762,0.11776061776061775,0.10113137843454162,0.11192258535694727,0.8924415841736757,0
0.8692833106773838,0.8775967299400865,0.37782778633187253,0.18468468468468469,0.512444920805049,0.6960166087162003,0.42398648648648596,0.255597384584902,0.5849858356940514,0.6218487394957983,0.2709677419354839,0.803030303030303,0.6923076923076923,0.8419305603760094,0.8510363292249457,0.018354430379746822,0.07693500853109975,0.014950166112956798,0.07567401960784309,0.04889741131351877,0.19319492502883495,0.14575289575289574,0.1207573308704687,0.13492788022640134,0.8944726199762476,0
0.8261398725281256,0.8855479030180863,0.3807888191401161,0.17267267267267267,0.512444920805049,0.6980555649326536,0.42145270270270263,0.24846443431741605,0.5917411200697336,0.6302521008403361,0.23870967741935445,0.8080808080808081,0.7777777777777779,0.8465838431398789,0.855129329578852,0.015189873417721433,0.052117263843648176,0.008720930232558155,0.07169117647058826,0.04218600191754551,0.1418685121107266,0.1138996138996139,0.03463403371045948,0.15482928610553226,0.8922788958083769,0
0.7226470759648992,0.7384791981633912,0.3797228473291484,0.17117117117117114,0.512444920805049,0.7052425480201192,0.41216216216216184,0.2498513968694276,0.5826977555022896,0.6386554621848739,0.23870967741935445,0.8080808080808081,0.7606837606837609,0.8442229126505902,0.8541830155872536,0.024050632911392367,0.07383279044516833,0.024086378737541547,0.06832107843137253,0.03611377436880803,0.19348327566320644,0.1148648648648648,0.06211036712075735,0.12652912178199743,0.8954179250040883,1
0.7328750688473084,0.762164734867574,0.3797228473291484,0.17117117117117114,0.512444920805049,0.7052425480201192,0.41216216216216184,0.2498513968694276,0.5826977555022896,0.6386554621848739,0.23870967741935445,0.8080808080808081,0.7606837606837609,0.8442229126505902,0.8541830155872536,0.024050632911392367,0.07383279044516833,0.024086378737541547,0.06832107843137253,0.03611377436880803,0.19348327566320644,0.1148648648648648,0.06211036712075735,0.12652912178199743,0.8985364040904993,1
0.8417286358073209,0.7988689176325664,0.3951202179320147,0.1786786786786787,0.512444920805049,0.699723188063329,0.42004504504504503,0.24787002179512552,0.547722815428199,0.6386554621848739,0.22580645161290303,0.8131313131313131,0.7094017094017095,0.8435664016927109,0.85199803043592,0.03512658227848098,0.10066697688847526,0.07225913621262459,0.10202205882352944,0.08085650367529562,0.20732410611303342,0.13127413127413123,0.09789886862156538,0.14241373014423958,0.8945556766680052,0
0.828009053978915,0.7587490900946304,0.3965415136799716,0.19069069069069067,0.5478146957246635,0.6964824629510851,0.42989864864864824,0.25460669704775096,0.5619960775768149,0.6386554621848739,0.1870967741935483,0.8131313131313131,0.7606837606837609,0.8459156237063181,0.853629075689732,0.04208860759493671,0.09523809523809523,0.0539867109634552,0.12193627450980388,0.05305209332054972,0.20126874279123408,0.1351351351351351,0.10344031401523895,0.14898667153551215,0.8961414601023907,0
0.7633227745583402,0.6964835657091665,0.3985550159895772,0.22222222222222227,0.5754436108133856,0.6838706410559361,0.44397522522522515,0.26391915989696857,0.5360645020701682,0.6554621848739495,0.19354838709677402,0.8181818181818181,0.7948717948717949,0.8512020004767022,0.8574143316561265,0.032911392405063244,0.09632387156817124,0.0415282392026578,0.13204656862745096,0.04282518376478117,0.21337946943483266,0.20463320463320456,0.08289078734703298,0.1382143509220376,0.8852473334092545,1
0.7659322778758748,0.6840808555910187,0.4058983773540211,0.3303303303303303,0.5754436108133856,0.6682881544745634,0.463682432432432,0.2795720229839507,0.5078448463717598,0.6554621848739495,0.17419354838709689,0.8181818181818181,0.7948717948717949,0.8413091748451766,0.8466971333610305,0.060126582278480944,0.10578563673026214,0.06353820598006649,0.16452205882352938,0.06232023010546506,0.18512110726643594,0.20463320463320456,0.08889401985684597,0.16724484206682488,0.8836170247380501,0
0.7134796860405224,0.6379696511562799,0.4058983773540211,0.3303303303303303,0.5754436108133856,0.6682881544745634,0.463682432432432,0.2795720229839507,0.5078448463717598,0.6554621848739495,0.17419354838709689,0.8181818181818181,0.7948717948717949,0.8413091748451766,0.8466971333610305,0.060126582278480944,0.10578563673026214,0.06353820598006649,0.16452205882352938,0.06232023010546506,0.18512110726643594,0.20463320463320456,0.08889401985684597,0.16724484206682488,0.8836170247380501,1
0.7830436889661063,0.712581891483286,0.40483240554305333,0.7132132132132133,0.6255805644873167,0.6525267528609522,0.4715653153153152,0.2928472359817711,0.49117454783177283,0.6890756302521008,0.2193548387096773,0.8585858585858587,0.829059829059829,0.850072968893089,0.8637769468679317,0.019936708860759433,0.12765627423607878,0.10506644518272429,0.14154411764705882,0.09843400447427297,0.20732410611303342,0.2287644787644787,0.10713461094435461,0.2085083074675918,0.8836170247380501,1
0.7945370546845835,0.6837168934430822,0.41951912827194127,0.7132132132132133,0.632368703108253,0.6533673159369409,0.4659346846846848,0.27818506043194,0.5020701677925485,0.6722689075630253,0.2064516129032259,0.8484848484848485,0.8034188034188037,0.8583249352897642,0.877048423579375,0.00031645569620253333,0.12796649604467192,0.08845514950166117,0.11795343137254904,0.057526366251198446,0.19953863898500568,0.17567567567567566,0.09951512352805353,0.21015154281541,0.8836170247380501,1
0.8154445842830192,0.6725180581219555,0.4239014568281416,0.47447447447447455,0.631415981898297,0.646264726732606,0.47550675675675613,0.28155339805825275,0.49171932882981206,0.6974789915966384,0.1870967741935483,0.8535353535353536,0.8461538461538463,0.871074628987677,0.885457538968133,0.0025316455696202667,0.11819450907398793,0.09842192691029905,0.11213235294117646,0.06743368488334944,0.2096309111880046,0.2065637065637066,0.10113137843454162,0.20649990870914742,0.9470988811321739,1
0.91154466319818,0.6946357578811806,0.41809783252398436,0.47447447447447455,0.637727759914255,0.6419808932248592,0.4684684684684681,0.2861105607291461,0.4873610808455009,0.6974789915966384,0.2064516129032259,0.8434343434343434,0.8717948717948718,0.8895355498592894,0.9001984951299451,0.0025316455696202667,0.12098650535132621,0.07599667774086377,0.09712009803921567,0.055928411633109576,0.2093425605536332,0.1505791505791505,0.08935580697298545,0.1920759539894103,0.9649261009506991,0
0.7929146471893759,0.7128058681897085,0.42094042401989806,0.21021021021021025,0.6443968083839464,0.6499172939945312,0.4498873873873874,0.28690311075886665,0.49771191980823914,0.7058823529411764,0.2064516129032259,0.8383838383838383,0.8376068376068375,0.8884592064162449,0.9037067811475787,0.012025316455696156,0.11478206917946332,0.07308970099667772,0.10814950980392157,0.05241291147331417,0.21539792387543244,0.15250965250965243,0.08427614869545136,0.19664049662223843,0.9649261009506991,0
0.7627399679823919,0.6883924071896524,0.4350349401871373,0.21621621621621623,0.6230796713111824,0.6621510312932513,0.4355292792792791,0.277392510402219,0.5296360862933112,0.7142857142857142,0.2516129032258063,0.8333333333333334,0.8717948717948718,0.8970565728455362,0.906461093415809,0.029746835443037967,0.1312238250349,0.0564784053156146,0.13235294117647062,0.04282518376478117,0.22347174163783157,0.2287644787644787,0.07988917109212651,0.21544641226949063,0.9765249251419457,1
0.7825816441131022,0.6981353939190327,0.44308894942555965,0.25075075075075076,0.6439204477789686,0.651517402018702,0.4456644144144142,0.276401822865068,0.5069731967748972,0.7142857142857142,0.25806451612903203,0.8333333333333334,0.8632478632478633,0.895662427919697,0.904106848851344,0.0215189873417721,0.13991003567550797,0.0564784053156146,0.15226715686274506,0.04825822946628322,0.22577854671280262,0.18725868725868722,0.07873470330177784,0.23571298155924775,0.9712341282515196,0
0.700279904671746,0.6389215521585757,0.44557621698448424,0.25075075075075076,0.651780397761105,0.6460554299024408,0.4673423423423424,0.2823459480879733,0.49618653301372895,0.6890756302521008,0.22580645161290303,0.8282828282828283,0.8205128205128205,0.9128571607782792,0.9189785963778485,0.023417721518987356,0.13991003567550797,0.06353820598006649,0.13664215686274506,0.03579418344519014,0.22722029988465964,0.1930501930501931,0.07688755483722004,0.23443490962205588,0.9645750365834758,1
0.7304598343884232,0.6598913712973853,0.45043231079000356,0.3858858858858858,0.6607121591044418,0.6250751105559869,0.4940878378378377,0.31127402417277583,0.45816081935062236,0.6974789915966384,0.2064516129032259,0.8333333333333334,0.8461538461538463,0.9319637204517799,0.9333502592746465,0.03227848101265818,0.13991003567550797,0.09094684385382057,0.13051470588235292,0.0629594119527006,0.19982698961937706,0.2586872586872586,0.06557377049180324,0.24319883147708604,0.9597277795521273,0
0.7220170148017118,0.6484405621815333,0.45043231079000356,0.3858858858858858,0.6903656067643205,0.6250751105559869,0.4940878378378377,0.31127402417277583,0.45816081935062236,0.6974789915966384,0.2064516129032259,0.8333333333333334,0.8461538461538463,0.9319637204517799,0.9333502592746465,0.03227848101265818,0.13991003567550797,0.09094684385382057,0.13051470588235292,0.0629594119527006,0.19982698961937706,0.2586872586872586,0.06557377049180324,0.24319883147708604,0.9649560698600967,0
0.5997168925173411,0.5240215017638168,0.4456946582968139,0.596096096096096,0.677503870429915,0.6049488573068222,0.526182432432432,0.328115712304339,0.4350621050337775,0.7142857142857142,0.20000000000000018,0.8333333333333334,0.8632478632478633,0.9310998022103931,0.9257951345612336,0.07974683544303796,0.1847370870172173,0.11046511627906974,0.18474264705882354,0.0811760945989135,0.2315455594002307,0.2847490347490347,0.12121911798660817,0.2738725579696915,0.9852433090128496,0
0.5838656037534843,0.5189540287810069,0.4468790714201113,0.3648648648648648,0.6817911158747174,0.5991898187219391,0.5219594594594597,0.33802258767584714,0.42797995205927286,0.7226890756302522,0.2064516129032259,0.8333333333333334,0.829059829059829,0.9580953655344293,0.9459062302851251,0.08765822784810123,0.1594540096168761,0.09717607973421927,0.180453431372549,0.051773729626078624,0.1905997693194924,0.32432432432432434,0.14592472870006923,0.27022092386342894,0.9780961522489098,1
0.5988978130051974,0.536648188588387,0.44735283666943026,0.3648648648648648,0.6735738954388473,0.5957600513114807,0.524493243243243,0.35090152565880706,0.41109174112007096,0.7310924369747898,0.23225806451612874,0.8333333333333334,0.9059829059829061,0.9499128136721546,0.942421025096555,0.09746835443037971,0.15324957344501317,0.11752491694352163,0.2034313725490196,0.06455736657078948,0.182237600922722,0.3494208494208494,0.1226044793350265,0.2762461201387621,0.9691080481934313,1
0.6058547383487252,0.5369841536480208,0.4404832405543053,0.2567567567567568,0.6801238537572942,0.5903790973230261,0.524493243243243,0.3445611254210421,0.39093484419263547,0.7394957983193278,0.25806451612903203,0.8333333333333334,0.9145299145299146,0.9544214131293829,0.9518610841834776,0.06740506329113921,0.10392430587870327,0.0830564784053156,0.17892156862745096,0.05401086609140304,0.08189158016147635,0.34749034749034735,0.1410759639806049,0.2742377213803177,0.9729346497961684,0
0.5703612928225007,0.5007279242958733,0.443799597299538,0.24624624624624625,0.6745266166488029,0.5965938628768188,0.5222409909909906,0.3617990885674658,0.395837873174985,0.7394957983193278,0.2709677419354839,0.8333333333333334,0.9145299145299146,0.9663707488824678,0.9693024973457045,0.05981012658227841,0.11679851093531879,0.09260797342192695,0.18321078431372545,0.04761904761904767,0.1349480968858131,0.3137065637065637,0.15608404525513736,0.2570750410808837,0.9736427723124952,0
0.5670534717157667,0.4945685648692537,0.45315646097358764,0.2792792792792793,0.676432059068715,0.5928569017317624,0.5354729729729728,0.3665543887457896,0.39202440618871304,0.7394957983193278,0.2516129032258063,0.8282828282828283,0.8461538461538463,0.9660537837193648,0.9740417609133853,0.062025316455696144,0.12160694896851248,0.0950996677740864,0.19730392156862747,0.054969638862256365,0.1199538638985006,0.24903474903474898,0.1971830985915492,0.29486945408070114,1.0,1
0.5928334743095185,0.5006719301192678,0.46784318370247535,0.3078078078078078,0.7247826604739789,0.5605509232690813,0.5672860360360361,0.41212601545472527,0.35388973632599807,0.7478991596638653,0.2774193548387096,0.8333333333333334,0.8803418803418803,0.969508620365221,0.9728184769730261,0.07373417721518988,0.14626958275166746,0.16403654485049834,0.2325367647058823,0.1623521891978269,0.13610149942329863,0.37451737451737455,0.21172939274994224,0.16614935183494617,0.9842988602395626,0
0.58758296461629,0.5014558485917466,0.46701409451616727,0.3078078078078078,0.727759914255091,0.5388954528575769,0.5948761261261257,0.42520309094511566,0.30366092830682145,0.7478991596638653,0.23870967741935445,0.8383838383838383,0.8376068376068375,0.98127312946647,0.9741340842296391,0.07721518987341769,0.12176205987280908,0.14991694352159468,0.2432598039215686,0.1211249600511346,0.15974625144175314,0.3359073359073359,0.2267374740244747,0.17783458097498633,0.9610695304385652,0
0.582962516086249,0.4915448793325495,0.4747127798176003,0.3138138138138138,0.7234726688102895,0.545032576038889,0.5762950450450446,0.4083614028135525,0.304750490302899,0.7647058823529411,0.25806451612903203,0.8333333333333334,0.8547008547008548,1.0000000000000002,1.0,0.06139240506329108,0.12083139444702962,0.14742524916943522,0.22089460784313725,0.10482582294662834,0.18137254901960775,0.3359073359073359,0.2655275917801893,0.176008763921855,0.9578491570602039,1
0.5895256532027846,0.5053474438658381,0.46808006632713484,0.31681681681681684,0.7013219006788134,0.5599095297572831,0.5565878378378377,0.3812165642956211,0.31880584005229995,0.7647058823529411,0.26451612903225774,0.8333333333333334,0.8461538461538463,0.9851779061063881,0.9851205588638079,0.14873417721518983,0.12765627423607878,0.15863787375415284,0.2729779411764705,0.14381591562799623,0.22981545559400218,0.3725868725868726,0.28399907642576766,0.21471608544823811,0.9576316684034363,0
0.5270393373436726,0.4594882132258246,0.45540684590785263,0.31681681681681684,0.7038227938549482,0.5598082570975254,0.5672860360360361,0.3974638399048942,0.304750490302899,0.7731092436974791,0.29032258064516103,0.8838383838383839,0.8888888888888888,0.9548537904099221,0.9611934327347704,0.17879746835443028,0.13029315960912052,0.1839700996677741,0.30759803921568635,0.11281559603707259,0.2975778546712802,0.3281853281853282,0.3003925190487185,0.20905605258353116,0.9287442085082589,1
0.5330669224714989,0.454084775183381,0.4575387895297879,0.2777777777777778,0.7041800643086815,0.5469297505316812,0.5779842342342336,0.4105409153952846,0.26574417084332147,0.7815126050420167,0.26451612903225774,0.893939393939394,0.8974358974358976,0.9609171081737704,0.9622551508716861,0.13924050632911383,0.11990072902125021,0.14700996677740863,0.28615196078431365,0.11665068712048587,0.3428489042675893,0.39575289575289563,0.23597321634726381,0.20138762096037982,0.9121602703024376,0
0.47790716783831794,0.3951509043059523,0.4705673338860594,0.23573573573573575,0.6953673931165887,0.5379401141005298,0.5931869369369367,0.4218347533188034,0.2796905643931149,0.7815126050420167,0.2838709677419353,0.888888888888889,0.8547008547008548,0.9640382532626923,0.9608472202988199,0.13702531645569616,0.12005583992554675,0.12001661129568109,0.2708333333333333,0.10386705017577502,0.24279123414071502,0.34749034749034735,0.21842530593396442,0.18860690158846088,0.9453675344235735,0
0.4600664609516969,0.3645780838792766,0.46559279876821036,0.21321321321321324,0.6710730022627129,0.5595652027141074,0.5830518018018016,0.39786011491975426,0.2813249073872308,0.8067226890756303,0.35483870967741904,0.8838383838383839,0.8547008547008548,0.9083602697967323,0.9148009663173768,0.2585443037974683,0.14425314099581205,0.15282392026578073,0.3170955882352941,0.12272291466922347,0.37399077277970005,0.387065637065637,0.2685292080350958,0.25652729596494434,0.9272509005657272,0
0.3615942017571356,0.3476398454560726,0.4499585455406846,0.2042042042042042,0.6769084196736928,0.600678526820376,0.5751689189189189,0.37725381414701786,0.26672477663979155,0.7731092436974791,0.3354838709677419,0.8686868686868687,0.8717948717948718,0.8100751433242872,0.8277169982612445,0.891772151898734,0.17698154180238873,0.20431893687707647,0.6957720588235294,0.16746564397571118,0.5155709342560553,0.39768339768339767,0.4070653428769337,0.21964579149169255,0.8765220995019167,1
0.4035315978298593,0.3970827033988466,0.44166765367760263,0.1891891891891892,0.6716684530189352,0.606231644330419,0.5647522522522519,0.3631860511194769,0.2645456526476355,0.7731092436974791,0.3354838709677419,0.8787878787878789,0.811965811965812,0.8574961424754226,0.8632614750188492,0.6594936708860758,0.1875290832945556,0.18147840531561465,0.5021446078431373,0.1454138702460851,0.46828143021914637,0.416023166023166,0.3250981297621796,0.33522001095490245,0.784745311364125,0
0.39656417146694517,0.3836720981017975,0.4230723676418334,0.18768768768768773,0.6555912826009291,0.6241467778415419,0.536599099099099,0.3493164255993655,0.24482458051863265,0.7731092436974791,0.3741935483870966,0.893939393939394,0.829059829059829,0.855872009634403,0.8528904891597038,0.5882911392405062,0.19063130138048706,0.17400332225913617,0.44178921568627455,0.1489293704058805,0.35553633217993064,0.36100386100386095,0.3989840683444931,0.3655285740368815,0.7877533336130429,1
0.4303926803694469,0.4152248166190717,0.41584744758971925,0.18768768768768773,0.6336786947719424,0.6477163015224656,0.524493243243243,0.3560531008519914,0.3072564828938775,0.7647058823529411,0.3935483870967742,0.893939393939394,0.8205128205128205,0.7694893850123148,0.7754466140423766,0.7696202531645568,0.23266635644485806,0.22508305647840532,0.7224264705882353,0.1792905081495687,0.534313725490196,0.49710424710424705,0.4971138305241282,0.44805550483841533,0.8087735266641949,1
0.45514305801235655,0.45576460048155,0.3909747720004738,0.1756756756756757,0.6304632606883409,0.6441683826756233,0.5211148648648645,0.33207846245294226,0.27936369579429154,0.7310924369747898,0.41290322580645133,0.8838383838383839,0.7692307692307694,0.7971247329003985,0.8051054793888199,0.6303797468354428,0.23809523809523814,0.22840531561461797,0.5916053921568627,0.1984659635666347,0.7001153402537483,0.4729729729729729,0.4269221888709304,0.3980281175826183,0.7652552452013353,1
0.46509749933974837,0.44910129346547967,0.3934620395593983,0.16666666666666669,0.6499940454924373,0.6373831144718629,0.5326576576576572,0.33723003764612614,0.31030725648289526,0.7478991596638653,0.4193548387096775,0.9040404040404041,0.7777777777777779,0.8314447840831638,0.8331486867008264,0.5212025316455695,0.2314254692104855,0.20514950166112955,0.44822303921568635,0.1489293704058805,0.42272202998846586,0.4507722007722007,0.35765412145001146,0.32225670987767036,0.7652552452013353,0
0.4478621762207566,0.4434458816283108,0.39251450906076035,0.1636636636636637,0.6572585447183514,0.6284812476791677,0.5596846846846844,0.3514959381810976,0.3244715624319028,0.7310924369747898,0.42580645161290276,0.9141414141414141,0.811965811965812,0.8347214846347166,0.8384880518241551,0.5009493670886075,0.24647122692725298,0.19269102990033227,0.41053921568627455,0.18120805369127524,0.3693771626297576,0.4276061776061775,0.38189794504733315,0.3209786379404784,0.7534440698806466,1
0.494923544703102,0.5940982137857664,0.4087409688499348,0.15615615615615613,0.6832201976896508,0.6183269756608043,0.5689752252252251,0.36397860114919744,0.3307910220091532,0.7647058823529411,0.45161290322580605,0.9292929292929293,0.8376068376068375,0.8558837181100849,0.8659465447998893,0.32025316455696196,0.20521172638436486,0.23006644518272434,0.3235294117647059,0.20389900926813687,0.2889273356401383,0.4806949806949806,0.2719926114061418,0.21416834033229876,0.745694109910547,1
0.5301948936693028,0.627890699367266,0.4179793912116546,0.15015015015015015,0.7218054066928663,0.6015528474496166,0.5931869369369367,0.3849811769367939,0.3307910220091532,0.7815126050420167,0.44516129032258034,0.9343434343434344,0.9145299145299146,0.8815486968048407,0.8910046315530318,0.316139240506329,0.20272995191561966,0.2325581395348837,0.3229166666666667,0.1875998721636306,0.273356401384083,0.45463320463320467,0.3003925190487185,0.21106445134197555,0.7723073577097588,1
0.533738987712232,0.6410213337812869,0.42283548501717394,0.15015015015015015,0.7209717756341547,0.6029402828882962,0.5819256756756754,0.3837923518922133,0.3307910220091532,0.7647058823529411,0.44516129032258034,0.9393939393939393,0.9145299145299146,0.8831385405385064,0.8917893797411871,0.3265822784810126,0.19342329765782534,0.18812292358803995,0.31096813725490197,0.16043464365612026,0.25201845444059967,0.4083011583011583,0.27153082429000236,0.21234252327916753,0.7941649677149221,1
0.5857925408108992,0.6212553894394984,0.42283548501717394,0.15015015015015015,0.7078718589972604,0.6029402828882962,0.5819256756756754,0.3837923518922133,0.3307910220091532,0.7647058823529411,0.44516129032258034,0.9393939393939393,0.9145299145299146,0.8831385405385064,0.8917893797411871,0.3265822784810126,0.19342329765782534,0.18812292358803995,0.31096813725490197,0.16043464365612026,0.25201845444059967,0.4083011583011583,0.27153082429000236,0.21234252327916753,0.8308948630720527,1
0.5951594501036188,0.6486645388879558,0.4230723676418334,0.16816816816816815,0.6917946885792543,0.6231070452013636,0.5554617117117111,0.37705567663958783,0.32131183264327756,0.7731092436974791,0.4580645161290322,0.9393939393939393,0.9487179487179489,0.8618433322321792,0.8795103786794689,0.3626582278481012,0.2028850628199162,0.19310631229235886,0.34803921568627455,0.13870246085011195,0.27277970011534025,0.4864864864864865,0.29462018009697527,0.2194632097863794,0.8117053422577889,0
0.55770756446182,0.5940702166974636,0.42094042401989806,0.17417417417417413,0.6695248302965342,0.6312459912905513,0.5458896396396398,0.3621953635823263,0.32131183264327756,0.7899159663865547,0.4967741935483869,0.9494949494949495,0.9658119658119659,0.8478793023421132,0.8680238194155936,0.3443037974683544,0.19280285404063907,0.18272425249169433,0.3731617647058823,0.12559923298178344,0.3056516724336793,0.41698841698841693,0.32717617178480723,0.21453350374292496,0.8156192818250552,0
0.5217205710244321,0.5435634693991827,0.43266611394054244,0.17417417417417413,0.6644039537930211,0.6324815177395942,0.5492680180180178,0.36080840103031475,0.3343865765962093,0.7815126050420167,0.4645161290322579,0.9444444444444444,0.9658119658119659,0.861653487662194,0.8700472387634832,0.30316455696202516,0.16255622770280753,0.16777408637873759,0.3247549019607843,0.09108341323106428,0.31487889273356384,0.4054054054054055,0.29993073193257896,0.19773598685411725,0.795551243838178,1
0.5372673302260816,0.5827593930231257,0.4421414189269217,0.1636636636636637,0.6634512325830655,0.6253755527799343,0.5413851351351351,0.36873390132752126,0.31891479625190833,0.7899159663865547,0.4580645161290322,0.9444444444444444,0.9487179487179489,0.8907164332637796,0.9033913431503797,0.23259493670886067,0.15309446254071662,0.10548172757475088,0.2405024509803922,0.07062959411952707,0.2647058823529411,0.34652509652509644,0.2849226506580466,0.17272229322621874,0.8089379275386019,1
0.5407116645848395,0.615376000895907,0.44557621698448424,0.16666666666666669,0.6766702393712039,0.6256523647166055,0.5408220720720718,0.3633841886269069,0.2955981695358467,0.7983193277310923,0.45161290322580605,0.9494949494949495,0.9743589743589742,0.9241090059085988,0.9282417024419516,0.21075949367088603,0.15293935163642003,0.10215946843853824,0.23927696078431376,0.08277404921700238,0.21020761245674735,0.3359073359073359,0.26252597552528284,0.16761000547745114,0.831273327585011,1
0.5595557438738366,0.603169270395879,0.43527182281179666,0.16516516516516516,0.6582112659283075,0.6414441481281434,0.5247747747747744,0.3542698632851198,0.3014818043146672,0.7983193277310923,0.4645161290322579,0.9797979797979799,0.9914529914529915,0.8990829754581988,0.9010678730246657,0.29905063291139233,0.16736466573600123,0.09676079734219273,0.31188725490196073,0.09907318632150852,0.2076124567474048,0.36196911196911186,0.37520203186331097,0.18787657476720837,0.8515006289189699,0
0.5423498236091268,0.5648132594210203,0.4173871846500059,0.1756756756756757,0.6393950220316778,0.6487155250987406,0.5168918918918921,0.33207846245294226,0.3135759424711271,0.7899159663865547,0.42580645161290276,0.9747474747474747,0.9487179487179489,0.8672334126443177,0.8776408315253352,0.3389240506329113,0.19264774313634253,0.09593023255813954,0.3584558823529412,0.09172259507829983,0.3070934256055362,0.3513513513513513,0.3054721773262526,0.24904144604710615,0.8239617699466639,1
0.5713903927223735,0.5839912649084497,0.4120573255951675,0.17717717717717718,0.6153388114802905,0.6561556898356002,0.5182995495495493,0.3243510996631662,0.3446284593593383,0.7731092436974791,0.41290322580645133,0.9646464646464648,0.9401709401709402,0.8320895865653604,0.8498207388942745,0.4218354430379746,0.19357840856212194,0.10963455149501666,0.4420955882352941,0.13518696069031644,0.3610149942329872,0.4131274131274132,0.34356961440775796,0.2567098776702574,0.7945263071367961,1
0.5784995828470048,0.5918584467215411,0.4145445931540921,0.17717717717717718,0.6499940454924373,0.6561556898356002,0.5458896396396398,0.3271250247671884,0.32970146001307654,0.7899159663865547,0.4645161290322579,0.9696969696969697,0.9401709401709402,0.8261584073127797,0.8602686608502976,0.33069620253164544,0.18070420350550642,0.10548172757475088,0.34375000000000006,0.10834132310642386,0.3088235294117646,0.3281853281853282,0.30962826137150773,0.2468504655833486,0.7480462411709452,1
0.6040643145433342,0.5879948485357525,0.4299419637569585,0.1816816816816817,0.6454686197451474,0.6496134760152579,0.5503941441441436,0.3443629879136121,0.33656570058836444,0.7983193277310923,0.47096774193548363,0.9696969696969697,0.9572649572649572,0.854317291327783,0.8831109880133563,0.3034810126582278,0.18303086706995503,0.10215946843853824,0.31525735294117646,0.09747523170341965,0.3094002306805075,0.3359073359073359,0.2971600092357423,0.2515975899214899,0.7360972088670297,0
0.5624067706372595,0.547175093790246,0.4305341703186071,0.1816816816816817,0.6716684530189352,0.6284171083279881,0.5743243243243241,0.35030711313651697,0.2932011331444775,0.7899159663865547,0.45161290322580605,0.9696969696969697,1.0000000000000002,0.8551000865590883,0.8886349997691916,0.29177215189873407,0.1713975492477121,0.12043189368770768,0.31525735294117646,0.15947587088526693,0.2883506343713955,0.36679536679536684,0.2895405218194412,0.22238451707138945,0.7682641237048078,0
0.5196502950523921,0.5170502267764154,0.4133601800307948,0.19669669669669665,0.6669048469691559,0.6392499071667284,0.5692567567567566,0.350703388151377,0.3075833514927009,0.7983193277310923,0.4645161290322579,0.9646464646464648,1.0000000000000002,0.848178704791694,0.8876194432904034,0.2727848101265823,0.19295796494493567,0.12209302325581395,0.3100490196078431,0.12751677852348997,0.3102652825836216,0.29633204633204624,0.29623643500346336,0.2382691254336316,0.7541324985422266,0
0.4896929869467079,0.4909289433898875,0.4019898140471396,0.19669669669669665,0.6468977015600808,0.6467339567228167,0.5458896396396398,0.33802258767584714,0.32545216822837286,0.7815126050420167,0.45161290322580605,0.9646464646464648,0.982905982905983,0.8560275650970339,0.8969825662804474,0.23417721518987333,0.18085931440980302,0.08887043189368776,0.27420343137254904,0.10482582294662834,0.2799884659746251,0.277992277992278,0.28053567305472166,0.24319883147708604,0.7640093948249687,0
0.48667604407697873,0.52077383952069,0.4243752220774606,0.18318318318318316,0.6459449803501247,0.6344529588495424,0.5492680180180178,0.3457499504656232,0.3141207234691663,0.7899159663865547,0.4645161290322579,0.9545454545454546,0.8803418803418803,0.8928699564695604,0.9336041483943438,0.1740506329113924,0.18194509073987902,0.0627076411960133,0.2141544117647059,0.0811760945989135,0.19492502883506346,0.25289575289575283,0.2216578157469407,0.18842431988314773,0.7726686971316328,0
0.4797227940902363,0.49574444257797196,0.41643965415136797,0.19369369369369366,0.6424913659640348,0.6352226310637001,0.5470157657657655,0.3526847632256782,0.3124863804750504,0.7731092436974791,0.44516129032258034,0.9595959595959596,0.9316239316239316,0.8797288651559947,0.930872916955177,0.2101265822784809,0.1476655808903366,0.06561461794019935,0.22212009803921567,0.07734100351550022,0.1805074971164936,0.19015444015444016,0.22096513507273147,0.1685229140040168,0.8030511774784501,0
0.4791835667447418,0.48888515594378196,0.4086225275376051,0.19069069069069067,0.6510658568536378,0.6274853998582182,0.569538288288288,0.37031900138696283,0.3026803225103514,0.7647058823529411,0.4387096774193546,0.9545454545454546,0.9572649572649572,0.8653792918881174,0.9172475341980952,0.2281645569620253,0.17062199472622924,0.052740863787375414,0.2735906862745097,0.04538191115372325,0.22318339100346007,0.22007722007721997,0.22604479335026545,0.1920759539894103,0.8153872368408657,0
0.43061425187850105,0.44778543031524726,0.41099135378419993,0.18018018018018017,0.6529712992735499,0.6312459912905513,0.5594031531531529,0.3621953635823263,0.2983220745260411,0.7478991596638653,0.4322580645161289,0.9595959595959596,0.9487179487179489,0.8445624584453653,0.9050685500623183,0.256012658227848,0.16612377850162868,0.04069767441860467,0.2821691176470588,0.04442313838286993,0.2396193771626297,0.18243243243243246,0.24567074578619258,0.15355121416834033,0.7990490436921012,1
0.43224453513824856,0.45724844616159926,0.41418926921710286,0.1816816816816817,0.6415386447540787,0.643142153056746,0.5478603603603602,0.3631860511194769,0.3050773589017224,0.7563025210084033,0.4387096774193546,0.9696969696969697,0.9743589743589742,0.854225296161711,0.9034144239794428,0.235759493670886,0.16395222584147667,0.04028239202657813,0.24938725490196073,0.01981463726430177,0.24711649365628596,0.2084942084942084,0.21703994458554604,0.19390177104254153,0.8013318183336087,1
0.4342129512222399,0.45996416372697246,0.42757313751036363,0.16966966966966968,0.6209360485887814,0.6511224386456469,0.5363175675675675,0.3568456508817115,0.3157550664632831,0.7563025210084033,0.44516129032258034,0.9747474747474747,0.9572649572649572,0.8603178851147641,0.9070150333133302,0.21075949367088603,0.15557623700946177,0.01868770764119604,0.22457107843137253,0.027165228507510464,0.19723183391003452,0.25289575289575283,0.17848072038790114,0.1362059521635932,0.7904197102948338,1
0.4495601910555467,0.4478974186684585,0.42425678076513085,0.16966966966966968,0.6264141955460283,0.6487965432265463,0.5501126126126126,0.3792351892213195,0.314774460666813,0.7563025210084033,0.4322580645161289,0.9747474747474747,0.9487179487179489,0.8322509962658329,0.8769407130437461,0.31265822784810116,0.1672095548317047,0.06478405315614622,0.35998774509803916,0.038350910834132446,0.33016147635524784,0.2924710424710424,0.24497806511198333,0.21818513784918753,0.7736705149600516,1
0.4644096825699354,0.4693991824850216,0.4403647992419756,0.18318318318318316,0.6230796713111824,0.6549876784930628,0.5337837837837838,0.3754705765801467,0.31880584005229995,0.7563025210084033,0.44516129032258034,0.9747474747474747,0.9572649572649572,0.8419824121968864,0.880033544138239,0.28670886075949353,0.16751977664029782,0.06561461794019935,0.36213235294117646,0.06359859379993615,0.28460207612456745,0.2519305019305019,0.25236665897021465,0.21928062808106635,0.7651139631998918,1
0.46523978815243494,0.47004311551598643,0.46085514627502067,0.18768768768768773,0.6477313326187919,0.6549876784930628,0.5329391891891886,0.3855755894590849,0.3048594465025074,0.7647058823529411,0.47096774193548363,0.9646464646464648,0.8803418803418803,0.8382223188636091,0.8761790456846543,0.2759493670886075,0.177601985419575,0.06146179401993357,0.35998774509803916,0.04570150207734114,0.3070934256055362,0.2007722007722007,0.2112676056338027,0.19061530034690527,0.7651139631998918,0
0.45469623963746275,0.4549806820090711,0.4507876347269928,0.16966966966966968,0.6663093962129332,0.6383080714309823,0.5447635135135132,0.3923122647117099,0.3168446284593607,0.7563025210084033,0.4387096774193546,0.9595959595959596,0.9401709401709402,0.7776376477672355,0.8236778531751527,0.4493670886075948,0.18566775244299671,0.07516611295681064,0.49999999999999994,0.03739213806327901,0.42935409457900797,0.22586872586872586,0.3140152389748326,0.24009494248676283,0.7831826468027028,1
0.4626323850387777,0.46662747074304284,0.4691460381381025,0.1636636636636637,0.7078718589972604,0.6294838470107686,0.5588400900900901,0.4028135526055081,0.2950533885378084,0.7478991596638653,0.45161290322580605,0.9545454545454546,0.9230769230769229,0.742119986786149,0.7810321746757145,0.49778481012658216,0.20257484101132306,0.167358803986711,0.5526960784313726,0.07542345797379368,0.5227797001153401,0.24710424710424705,0.35880858924036013,0.2621873288296513,0.6997723219140373,0
0.42744241897282176,0.4145248894115013,0.4654743574558805,0.17117117117117114,0.7216863165416223,0.608787091111636,0.5813626126126126,0.4196552407370713,0.24874700370451208,0.7563025210084033,0.4580645161290322,0.9646464646464648,0.9230769230769229,0.7981032269395298,0.8351105571712139,0.37626582278481,0.20490150457577172,0.14617940199335544,0.4546568627450979,0.08501118568232668,0.4253171856978084,0.2635135135135135,0.29415839298083574,0.24758079240460112,0.7124654394255558,0
0.4076816006913871,0.3768968027325159,0.4621580007106477,0.16666666666666669,0.695605573419078,0.6142051784086688,0.5729166666666661,0.40479492767980974,0.25920679886685694,0.7478991596638653,0.4193548387096775,0.9898989898989901,0.8632478632478633,0.7692593970971344,0.7997738078751788,0.4227848101265822,0.19978284473398478,0.11586378737541536,0.5729166666666667,0.07542345797379368,0.4815455594002306,0.2586872586872586,0.3142461325329023,0.2636479824721563,0.7124654394255558,1
0.4140578196628438,0.36561397614648083,0.4513798412886414,0.17267267267267267,0.6741693461950695,0.6225331667960705,0.5563063063063063,0.394689914800872,0.2771845718021364,0.7310924369747898,0.41290322580645133,1.0,0.8376068376068375,0.76848245610367,0.7939112772930805,0.43449367088607593,0.1887699705289282,0.09593023255813954,0.6090686274509804,0.05848513902205188,0.49019607843137236,0.24903474903474898,0.3532671438466866,0.25689245937557065,0.7124654394255558,0
0.37264284930459624,0.31782294641357306,0.4581309960914367,0.19819819819819823,0.6536858401810166,0.6247341592681366,0.5411036036036037,0.37864077669902896,0.2695576378295934,0.7310924369747898,0.38064516129032233,0.9848484848484849,0.8461538461538463,0.7897826823281469,0.8215082552431952,0.3427215189873416,0.16395222584147667,0.06769102990033227,0.501531862745098,0.058165548098433995,0.38927335640138394,0.2277992277992278,0.27153082429000236,0.22311484389264197,0.7124654394255558,0
0.35819449673077014,0.3287978050282771,0.4581309960914367,0.19819819819819823,0.6536858401810166,0.617530297404044,0.5475788288288288,0.3782445016841689,0.25321420788842985,0.7310924369747898,0.38064516129032233,0.9848484848484849,0.8461538461538463,0.7897826823281469,0.8215082552431952,0.3427215189873416,0.16395222584147667,0.06769102990033227,0.501531862745098,0.058165548098433995,0.38927335640138394,0.2277992277992278,0.27153082429000236,0.22311484389264197,0.7124654394255558,1
0.3683426818658421,0.3307855982977771,0.4365746772474238,0.1891891891891892,0.6536858401810166,0.617530297404044,0.5475788288288288,0.3782445016841689,0.25321420788842985,0.7310924369747898,0.38709677419354804,0.9797979797979799,0.9059829059829061,0.7514022990428322,0.7761236516949024,0.4582278481012657,0.20210950829843338,0.1424418604651163,0.600796568627451,0.10993927772451273,0.5152825836216839,0.24034749034749026,0.38005079658277535,0.27168157750593386,0.7124654394255558,1
